,year,region_name,population_interpolated,N_est,lower,upper,score,score_cap,lower_cap,N_est_cap,upper_cap,region_code,gdp_per_capita
0,1000,Chinese world,60.0,6.617749303665284,4.631465766833169,8.918167717867869,4,0.06666666666666667,0.07719109611388615,0.11029582172775473,0.14863612863113115,re_chinese_world,1225
1,1090,Chinese world,103.2,6.576242169836383,4.875928808830417,8.499882088461117,5,0.04844961240310077,0.04724737217858931,0.06372327683949983,0.08236319853159997,re_chinese_world,1222
2,1120,Chinese world,114.2,9.940057344153548,7.574947325650405,12.579923840285282,8,0.07005253940455342,0.06633053700219269,0.08704078234810463,0.1101569513159832,re_chinese_world,1181
3,1400,Chinese world,69.0,118.93845763285908,97.6153559504047,142.16626562238702,26,0.37681159420289856,1.4147153036290536,1.7237457627950592,2.0603806611940145,re_chinese_world,1404
4,1410,Chinese world,73.1,45.65891500885298,37.56293397597527,54.56484758998531,13,0.1778385772913817,0.5138568259367342,0.6246089604494252,0.7464411435018511,re_chinese_world,1414
5,1420,Chinese world,77.2,15.5862926426245,12.831880121658887,18.580228920089837,5,0.06476683937823834,0.1662160637520581,0.2018949824174158,0.24067654041567146,re_chinese_world,1412
6,1430,Chinese world,81.3,42.57939291330226,35.110628436971865,50.75669439710391,11,0.13530135301353013,0.4318650484252382,0.5237317701513193,0.6243135842202203,re_chinese_world,1498
7,1440,Chinese world,85.4,54.54160943662036,45.018778316104736,64.84009975955851,10,0.11709601873536299,0.5271519709145753,0.6386605320447348,0.7592517536248069,re_chinese_world,1458
8,1450,Chinese world,89.5,16.771719526581926,13.824690477778836,19.901019668500783,3,0.0335195530726257,0.15446581539417692,0.1873935142634852,0.22235776165922663,re_chinese_world,1375
9,1460,Chinese world,93.6,74.51017378331369,61.33303079232737,88.44204416631909,15,0.16025641025641027,0.6552674229949506,0.7960488652063429,0.944893634255546,re_chinese_world,1324
10,1470,Chinese world,97.7,47.0155472339527,38.5962384249512,55.81037969762697,10,0.10235414534288638,0.39504849974361517,0.48122361549593345,0.5712423715212587,re_chinese_world,1341
11,1480,Chinese world,101.8,54.23892027927112,44.53426754081527,64.36320387471467,11,0.10805500982318271,0.43746824696282194,0.5327988239614059,0.6322515115394368,re_chinese_world,1242
12,1490,Chinese world,105.9,24.720441475867368,20.22880487097099,29.46551637964168,7,0.06610009442870632,0.19101798745015097,0.23343193083916305,0.278239059297844,re_chinese_world,1189
13,1500,Chinese world,110.0,63.37331452974908,51.83164511988951,75.67107420254858,17,0.15454545454545454,0.47119677381717734,0.5761210411795371,0.6879188563868053,re_chinese_world,1207
14,1510,Chinese world,117.3,38.98713035341224,31.81157178967373,46.719528704294575,11,0.0937766410912191,0.27119839547888946,0.3323711027571376,0.39829095229577643,re_chinese_world,1274
15,1520,Chinese world,124.6,126.56423449968332,102.91875418891152,151.8690427675002,22,0.1765650080256822,0.8259932117890171,1.015764321827314,1.2188526706861975,re_chinese_world,1166
16,1530,Chinese world,131.9,109.23422578940178,88.5573723135882,131.0623756425214,19,0.14404852160727824,0.6713978189051417,0.8281594070462606,0.9936495499812085,re_chinese_world,1187
17,1540,Chinese world,139.2,118.91413331200582,96.25637025963783,142.83378585896187,23,0.16522988505747127,0.6914969127847546,0.8542681990805017,1.0261047834695538,re_chinese_world,1193
18,1550,Chinese world,146.5,114.62675354510984,92.63539192793998,137.79192699115953,18,0.12286689419795221,0.6323234943886687,0.7824351777823197,0.9405592286085974,re_chinese_world,1195
19,1560,Chinese world,153.8,73.3424837398335,59.33191464367389,88.18855219013685,15,0.09752925877763328,0.38577317713702136,0.47686920507043884,0.573397608518445,re_chinese_world,1200
20,1570,Chinese world,161.1,52.53222144030669,42.44405043690029,63.1937293655529,9,0.0558659217877095,0.2634640002290521,0.32608455270208997,0.392263993578851,re_chinese_world,1238
21,1580,Chinese world,168.4,76.7466139734261,62.17433674012749,92.2669019306529,16,0.09501187648456057,0.3692062751789043,0.45573998796571313,0.547903218115516,re_chinese_world,1217
22,1590,Chinese world,175.7,54.90733521079896,44.68832252344088,65.86682617496295,10,0.056915196357427436,0.25434446513056846,0.3125061764985712,0.3748823345188558,re_chinese_world,1217
23,1600,Chinese world,183.0,104.15592100079672,85.05245944464798,124.62429879226752,19,0.10382513661202186,0.4647675379488961,0.5691580382557198,0.6810070972255056,re_chinese_world,1217
24,1610,Chinese world,175.4,114.50080163312526,93.78343193715207,136.5473119702353,20,0.11402508551881413,0.5346831923440825,0.652798184909494,0.7784909462385138,re_chinese_world,1282
25,1620,Chinese world,167.8,225.2742896038787,185.18909193178496,268.28201309350123,32,0.1907032181168057,1.1036298684850117,1.3425166245761544,1.5988201018683028,re_chinese_world,1262
26,1690,Chinese world,181.0,235.26019211383263,195.74029399612223,277.4356225269798,27,0.14917127071823205,1.081438088376366,1.2997800669272521,1.5327934946241977,re_chinese_world,1413
27,1700,Chinese world,190.0,429.4240310230762,357.7684748911832,508.16022742122914,54,0.28421052631578947,1.8829919731114904,2.260126479068822,2.6745275127433112,re_chinese_world,1543
28,1710,Chinese world,202.0,193.35126437214348,160.62864457885428,229.2975626263808,21,0.10396039603960396,0.7951913097963083,0.9571844770898192,1.1351364486454494,re_chinese_world,1406
29,1720,Chinese world,214.0,107.62197830010528,89.35189844925033,127.69661321065908,25,0.11682242990654206,0.41753223574416043,0.5029064406546976,0.5967131458442013,re_chinese_world,1312
30,1730,Chinese world,226.0,227.48092614434395,188.39474194098983,270.61862064639735,31,0.13716814159292035,0.8336050528362382,1.0065527705501944,1.1974275249840591,re_chinese_world,1234
31,1740,Chinese world,238.0,209.71657740702497,172.8806832102243,249.52976609315024,27,0.1134453781512605,0.7263894252530433,0.8811620899454831,1.0484443953493707,re_chinese_world,1158
32,1750,Chinese world,250.0,151.06363300519558,124.4176954205178,179.6377871006361,21,0.084,0.4976707816820712,0.6042545320207824,0.7185511484025444,re_chinese_world,1061
33,1760,Chinese world,265.0,304.28355564046933,250.67908243159795,361.7161786247992,41,0.15471698113207547,0.9459588016286715,1.1482398326055447,1.3649667117916953,re_chinese_world,1022
34,1770,Chinese world,280.0,387.6518956323317,319.1721053315233,460.2860749205732,40,0.14285714285714285,1.1399003761840119,1.384471055829756,1.6438788390020471,re_chinese_world,998
35,1780,Chinese world,295.0,440.5813000250171,362.47059814554376,522.9088610442836,50,0.1694915254237288,1.2287138920187923,1.4934959322881936,1.7725724103196057,re_chinese_world,981
36,1790,Chinese world,310.0,380.2340549614143,313.2310047024416,450.5652905173319,39,0.12580645161290321,1.0104225958143278,1.2265614676174654,1.4534364210236512,re_chinese_world,955
37,1800,Chinese world,325.0,669.0392616300309,552.3235433761062,793.0951545026286,72,0.22153846153846155,1.6994570565418652,2.058582343477018,2.440292783085011,re_chinese_world,926
38,1810,Chinese world,347.0,339.74756037070495,280.42914975963265,403.3725990876067,37,0.10662824207492795,0.8081531693361171,0.9790995976101007,1.1624570578893565,re_chinese_world,901
39,1820,Chinese world,369.0,359.9674789842202,296.2329717801537,427.8539568469293,39,0.10569105691056911,0.8027993815180318,0.9755216232634694,1.1594958180133585,re_chinese_world,882
40,1830,Chinese world,391.0,574.6936208500913,470.9139596399671,685.0975555126244,63,0.16112531969309463,1.2043835284909645,1.4698046569056042,1.7521676611576071,re_chinese_world,846
41,1840,Chinese world,413.0,429.65884342626,349.3215880438514,513.1952960372338,52,0.12590799031476999,0.8458149831570252,1.0403361826301694,1.2426036223661836,re_chinese_world,849
42,1850,Chinese world,435.0,366.8366813487504,293.8701531469256,442.63032742547045,39,0.0896551724137931,0.6755635704527025,0.8433027157442538,1.0175409825872883,re_chinese_world,858
43,1820,Korea,8.1,13.825379525672806,9.054495672216676,19.228241102480503,1,0.1234567901234568,1.1178389718786022,1.7068369784781243,2.373856926232161,re_korea,816
44,1870,Korea,10.2,42.20861020271019,27.1209312174404,58.76115271143491,3,0.29411764705882354,2.658914825239255,4.138099039481392,5.7608973246504815,re_korea,820
45,730,Japan,6.304,11.428661720688124,6.427368167840751,17.366035070291403,1,0.15862944162436549,1.0195698235787993,1.812922227266517,2.7547644464294736,re_japan,598
46,1000,Japan,5.225,13.04569014954266,8.91008145842594,17.703007237227627,3,0.5741626794258373,1.7052787480241036,2.496782803740222,3.3881353564072016,re_japan,1010
47,1120,Japan,4.324999999999999,24.063398863047336,17.471938361653123,31.407481003279024,4,0.92485549132948,4.0397545344862715,5.563791644635224,7.261845318677232,re_japan,927
48,1280,Japan,5.92,102.30235203678544,69.43445564013683,138.97254156023573,15,2.5337837837837838,11.728793182455545,17.280802708916458,23.47509147976955,re_japan,841
49,1450,Japan,10.5,28.6067079014907,20.15700973825297,38.51596611339306,4,0.38095238095238093,1.9197152131669495,2.724448371570543,3.6681872488945775,re_japan,867
50,1600,Japan,17.0,94.01807208699977,69.65863656650623,120.58550633789967,12,0.7058823529411765,4.097566856853308,5.530474828647045,7.0932650786999805,re_japan,1061
51,1700,Japan,31.3,238.1240700363443,187.56821623862317,296.0719637910838,31,0.9904153354632588,5.992594768007129,7.607797764739434,9.4591681722391,re_japan,1073
52,1750,Japan,31.0,179.77427007791698,142.5413204733152,220.42470195129596,27,0.8709677419354839,4.598107112042426,5.799170002513451,7.110474256493418,re_japan,953
53,1800,Japan,30.7,471.44473866678936,383.7050041587786,563.3393723891747,63,2.0521172638436482,12.498534337419498,15.356506145498026,18.34981669020113,re_japan,1317
54,1820,Japan,31.3,460.79004949359097,381.8281233449282,544.1429402131363,60,1.9169329073482428,12.198981576515278,14.7217268208815,17.38475847326314,re_japan,1317
55,1850,Japan,32.2,627.0840617325697,518.6935279027145,743.7882832902003,59,1.8322981366459625,16.108494655363806,19.474660302253717,23.09901500901243,re_japan,1436
56,1310,Italy,9.7,68.99480541757177,56.45191389063721,82.5896907933211,9,0.9278350515463918,5.819784937179094,7.112866537893997,8.514401112713516,re_italy,2857
57,1320,Italy,9.4,190.99846669786032,156.70421244847125,227.92289944313436,35,3.723404255319149,16.670660898773537,20.31898581892131,24.24711696203557,re_italy,2788
58,1330,Italy,9.1,96.2078180085327,79.29400743771055,114.0981853642644,13,1.4285714285714286,8.713627190957203,10.572287693245352,12.538262127941143,re_italy,2488
59,1340,Italy,8.8,617.2244691895625,511.773182176982,729.4559628739609,82,9.318181818181817,58.1560434292025,70.13914422608664,82.89272305385919,re_italy,2642
60,1350,Italy,8.5,124.53919899733891,103.901515485546,146.34671076879684,18,2.1176470588235294,12.223707704181882,14.651670470275166,17.217260090446686,re_italy,2972
61,1360,Italy,8.2,269.41845325622893,226.28412231995952,315.13163976715623,47,5.731707317073171,27.595624673165798,32.85590893368646,38.43068777648247,re_italy,2880
62,1370,Italy,7.9,90.72344573924384,76.71373150015306,105.68041878623272,14,1.7721518987341771,9.710598924070007,11.483980473322005,13.37726820078895,re_italy,2097
63,1380,Italy,7.6,761.1796843885556,647.9377649089772,882.1018067039042,99,13.026315789473685,85.25496906697069,100.15522163007311,116.06602719788214,re_italy,2949
64,1390,Italy,7.300000000000001,157.69377672345206,135.05605315983794,181.72752049136784,21,2.876712328767123,18.500829199977797,21.60188722239069,24.89418088922847,re_italy,2573
65,1400,Italy,7.0,262.8681633502381,226.86575780168823,301.6821453640915,40,5.714285714285714,32.40939397166975,37.55259476431973,43.09744933772736,re_italy,3087
66,1410,Italy,7.3,152.11169790243343,132.2866011191516,173.2965590644827,30,4.109589041095891,18.121452208102962,20.837218890744307,23.739254666367493,re_italy,3149
67,1420,Italy,7.6,539.4259157071654,472.00502460826505,611.865159189993,67,8.81578947368421,62.10592429056119,70.97709417199545,80.50857357763067,re_italy,2934
68,1430,Italy,7.9,263.655439168193,231.98859210165364,297.80662511218,38,4.810126582278481,29.365644569829573,33.3741062238219,37.6970411534405,re_italy,3433
69,1440,Italy,8.2,1317.257642270701,1166.1120333599529,1479.0952025381866,163,19.878048780487806,142.2087845560918,160.64117588667085,180.37746372416913,re_italy,2980
70,1450,Italy,8.5,291.45280379121965,259.560303991827,325.6277098730436,38,4.470588235294118,30.53650635197965,34.288565151908195,38.30914233800513,re_italy,3218
71,1460,Italy,8.8,1050.8747192486398,940.4776133299592,1169.461588649456,137,15.568181818181817,106.87245606022263,119.41758173279997,132.89336234652907,re_italy,3664
72,1470,Italy,9.1,487.0054402849028,437.7352947992492,540.3772280694291,72,7.912087912087912,48.10277964826914,53.517081349989326,59.38211297466254,re_italy,3387
73,1480,Italy,9.4,2547.638941245561,2295.9760938452027,2816.864585387968,302,32.12765957446808,244.252775940979,271.0254192814426,299.66644525403916,re_italy,2934
74,1490,Italy,9.7,748.9557597524233,677.9384826564459,825.1598268961858,88,9.07216494845361,69.89056522231401,77.2119339950952,85.06802339135936,re_italy,2796
75,1500,Italy,10.0,1914.4296415228011,1735.9913101953414,2104.2629510658576,251,25.1,173.59913101953413,191.44296415228013,210.42629510658577,re_italy,2703
76,1510,Italy,10.2,1039.775233184549,944.6058568466528,1140.880008988597,121,11.862745098039216,92.60841733790714,101.93874835142638,111.85098127339187,re_italy,3072
77,1520,Italy,10.4,1935.1910831003925,1758.730648553793,2121.540339732123,248,23.846153846153847,169.10871620709545,186.07606568273005,203.99426343578105,re_italy,2888
78,1530,Italy,10.6,1133.1712069160824,1029.3923857052048,1240.5654782558518,129,12.169811320754718,97.11248921747216,106.90294404868702,117.03447908074074,re_italy,2465
79,1540,Italy,10.8,4658.523962919709,4234.619434116367,5095.479070468879,453,41.94444444444444,392.09439204781177,431.3448113814546,471.80361763600735,re_italy,2550
80,1550,Italy,11.0,1599.9081765492672,1453.0984886897406,1748.7806624000284,155,14.090909090909092,132.09986260815825,145.4461978681152,158.9800602181844,re_italy,2527
81,1560,Italy,11.2,2822.1302243006644,2566.653206704201,3083.284001862035,275,24.55357142857143,229.16546488430365,251.97591288398792,275.2932144519674,re_italy,2519
82,1570,Italy,11.4,2123.325525229595,1933.1226872806617,2319.9290146043422,200,17.543859649122805,169.57216555093524,186.2566250201399,203.50254514073177,re_italy,2573
83,1580,Italy,11.6,4109.303009561237,3741.879909043573,4484.468299654815,368,31.724137931034484,322.57585422789424,354.2502594449342,386.5920947978289,re_italy,2458
84,1590,Italy,11.8,1855.672134544216,1692.0206611284618,2022.669722717768,183,15.508474576271185,143.39158145156455,157.26035038510304,171.41268836591254,re_italy,2396
85,1600,Italy,12.0,3931.389610894146,3589.0567167513245,4283.498579255658,344,28.666666666666668,299.08805972927706,327.6158009078455,356.9582149379715,re_italy,2404
86,1610,Italy,11.8,2670.623101008043,2441.349724666667,2907.408111990583,245,20.76271186440678,206.89404446327686,226.32399161085107,246.39051796530364,re_italy,2565
87,1620,Italy,11.6,3947.06911448858,3615.1857652899066,4295.947964425543,346,29.82758620689655,311.65394528361264,340.26457883522244,370.3403417608227,re_italy,2519
88,1630,Italy,11.4,2503.057041466144,2295.8934199401874,2717.69216126515,222,19.473684210526315,201.3941596438761,219.56640714615295,238.39404923378507,re_italy,2558
89,1640,Italy,11.2,5143.178841834503,4726.902666722111,5582.177380857574,442,39.464285714285715,422.0448809573313,459.21239659236636,498.40869471942625,re_italy,2942
90,1650,Italy,11.0,2191.065655071133,2012.7092010730307,2374.7251096057907,193,17.545454545454547,182.97356373391187,199.18778682464844,215.88410087325371,re_italy,2465
91,1660,Italy,11.4,3636.54804436789,3345.1320694595474,3937.888143287378,294,25.789473684210524,293.4326376718901,318.99544248841136,345.4287844988928,re_italy,2619
92,1670,Italy,11.8,2561.4502351328274,2355.8666739015557,2771.876489391428,215,18.220338983050848,199.64971812725048,217.07205382481587,234.9047872365617,re_italy,2634
93,1680,Italy,12.2,4637.417911812813,4263.2577122222,5022.188172349944,344,28.19672131147541,349.4473534608361,380.1162222797388,411.65476822540523,re_italy,2535
94,1690,Italy,12.6,2944.4935282958127,2704.0307327439345,3191.4286139477726,235,18.650793650793652,214.6056137098361,233.68996256315975,253.28798523395022,re_italy,2473
95,1700,Italy,13.0,4185.930478971303,3835.776640888713,4537.548268718813,317,24.384615384615383,295.05974160682405,321.9946522285618,349.0421745168318,re_italy,2604
96,1710,Italy,13.4,3274.899013723644,2995.234544841865,3559.5705554816013,241,17.98507462686567,223.524966032975,244.3954487853466,265.63959369265683,re_italy,2665
97,1720,Italy,13.8,5095.353493691284,4657.65274110114,5543.230005584205,367,26.594202898550723,337.51106819573477,369.22851403560026,401.68333373798583,re_italy,3034
98,1730,Italy,14.2,3387.880427173792,3094.71374512664,3689.5449653135634,244,17.183098591549296,217.93758768497466,238.58312867421074,259.8271102333496,re_italy,2980
99,1740,Italy,14.6,6284.101494802598,5732.899109933355,6845.3434792324415,437,29.93150684931507,392.66432259817503,430.4179106029177,468.85914241318096,re_italy,2773
100,1750,Italy,15.0,4308.78184159358,3933.066031399115,4690.294697203885,294,19.6,262.2044020932743,287.25212277290535,312.68631314692567,re_italy,2703
101,1760,Italy,15.8,6207.145525629906,5667.4103250421695,6753.603828112888,436,27.594936708860757,358.69685601532717,392.8573117487282,427.44328026030934,re_italy,2857
102,1770,Italy,16.6,5246.023781841077,4793.476938750575,5698.14036228109,352,21.20481927710843,288.7636710090708,316.0255290265709,343.26146760729455,re_italy,2627
103,1780,Italy,17.4,7420.526040227616,6791.269984183368,8045.91624520335,485,27.873563218390807,390.30287265421657,426.46701380618487,462.4089796093879,re_italy,2657
104,1790,Italy,18.2,4788.53888463621,4397.833463271858,5183.090397917035,325,17.857142857142858,241.6392012786735,263.1065321228687,284.7851866987382,re_italy,2427
105,1800,Italy,19.0,6901.278333496288,6358.013191590755,7451.7012601132865,465,24.473684210526315,334.6322732416187,363.22517544717306,392.19480316385716,re_italy,2404
106,1810,Italy,20.2,6616.901223343156,6123.758924614869,7118.99928350636,437,21.633663366336634,303.1563824066767,327.5693674922355,352.42570710427526,re_italy,2558
107,1820,Italy,21.4,8042.852163987202,7464.520311451551,8624.199568057418,539,25.186915887850468,348.8093603482033,375.83421327043004,402.99997981576723,re_italy,2665
108,1830,Italy,22.6,7636.223259516337,7108.911107332705,8164.585404394426,520,23.008849557522122,314.55358882003117,337.88598493435114,361.26484090240825,re_italy,2657
109,1840,Italy,23.8,15370.21209568044,14324.254089834263,16423.983331782452,1052,44.20168067226891,601.8594155392548,645.8072309109428,690.0833332681702,re_italy,2711
110,1850,Italy,25.0,13723.412980166131,12746.06688381643,14706.164414307765,944,37.76,509.8426753526572,548.9365192066452,588.2465765723106,re_italy,2611
111,1860,Italy,26.8,17731.356152873723,16317.669048350992,19141.04278701136,1233,46.007462686567166,608.8682480727982,661.6177668982732,714.2180144407224,re_italy,2573
112,1870,Italy,28.6,13979.743868733112,12716.873598717815,15287.520615610414,1001,35.0,444.64593002509844,488.8022331724864,534.528692853511,re_italy,2826
113,1880,Italy,30.4,21050.33579947234,18823.48250842628,23470.610969996636,1501,49.375,619.193503566654,692.4452565615902,772.0595713814683,re_italy,2796
114,730,Arabic world,14.511666666666668,60.45204383707252,41.90750003449551,83.08941963488606,6,0.4134604341334558,2.887848859618388,4.165754714855118,5.725697919022813,re_arabic_world,1164
115,1000,Arabic world,14.416666666666668,19.405894529070085,14.624199663454046,24.6898496587114,6,0.41618497109826585,1.0143953523783154,1.3460736089528382,1.7125907277718888,re_arabic_world,956
116,1120,Arabic world,13.791666666666668,47.78716015780186,38.59104863781523,57.52352234617912,9,0.6525679758308156,2.7981424994186264,3.4649300416533064,4.170889837789423,re_arabic_world,1052
117,1280,Arabic world,12.791666666666668,118.99391562337144,93.67213484883,147.66811336720062,20,1.563517915309446,7.3229030500714,9.302455944498092,11.544087038478223,re_arabic_world,1068
118,1300,Arabic world,12.666666666666668,38.005637356566,29.82955809008098,47.18505042062269,9,0.7105263157894737,2.354965112374814,3.0004450544657364,3.7251355595228435,re_arabic_world,972
119,1400,Arabic world,12.208333333333332,40.63002525707351,31.59700457390936,50.93523923063993,9,0.7372013651877134,2.588150545303156,3.3280566763473187,4.172169766332281,re_arabic_world,1164
120,1500,Arabic world,11.75,37.30500853382536,27.732273129598184,47.67376861290444,5,0.425531914893617,2.360193457838143,3.174894343304286,4.057342009608888,re_arabic_world,1084
121,1820,Arabic world,15.25,224.90324430494235,175.0807347064495,279.7754908638085,20,1.3114754098360655,11.480703915177017,14.747753724914253,18.345933827134985,re_arabic_world,956
122,1870,Arabic world,19.49,821.8321783582354,635.7232276367548,1026.5822829126666,80,4.104669061056953,32.617918298448174,42.166863948601105,52.67225669126048,re_arabic_world,1195
123,1820,Spain,12.9,1880.415662759583,1691.3752960279205,2082.1912487958352,159,12.325581395348836,131.11436403317214,145.76865602787464,161.41017432525854,re_spain,1600
124,1850,Spain,15.0,4400.238166050429,4003.483708441949,4838.669761844402,395,26.333333333333332,266.89891389612995,293.3492110700286,322.5779841229602,re_spain,1706
125,1860,Spain,15.7,6876.581995084565,6212.934456920576,7599.300598727148,620,39.490445859872615,395.7283093579985,437.99885319009974,484.03188526924515,re_spain,1930
126,1870,Spain,16.4,5693.389379133381,5071.3492710156925,6349.820882604272,533,32.5,309.22861408632275,347.15788897154766,387.1842001587971,re_spain,1809
127,1880,Spain,17.1,11279.468294066235,9851.437110929042,12797.132518968216,1028,60.11695906432748,576.1074333876633,659.6180288927623,748.3703227466792,re_spain,2520
128,1280,France,14.9,479.8915600145898,380.7029003179503,587.1334683237072,52,3.48993288590604,25.55053022268123,32.20748724930133,39.40493075998035,re_france,1321
129,1290,France,15.45,78.07102382788574,62.02416357963813,95.51618807884516,8,0.5177993527508091,4.014508969555866,5.053140700834029,6.182277545556321,re_france,1321
130,1300,France,16.0,168.73880754556882,134.29081858294504,205.6143813330897,18,1.125,8.393176161434065,10.546175471598051,12.850898833318107,re_france,1423
131,1310,France,15.5,40.39143427878044,32.09828322239322,49.22259846992443,4,0.25806451612903225,2.070856982089885,2.6058989857277703,3.1756515141886728,re_france,1812
132,1320,France,15.0,215.75892992120848,171.87319541272427,262.8314434686374,22,1.4666666666666666,11.458213027514951,14.383928661413899,17.522096231242493,re_france,1610
133,1330,France,14.5,83.63313357858799,66.87980193199495,101.88698761486646,8,0.5517241379310345,4.612400133241031,5.767802315764689,7.026688801025273,re_france,1610
134,1340,France,14.0,531.837716924509,426.7993249587673,646.7218419268324,52,3.7142857142857144,30.485666068483376,37.98840835175064,46.19441728048803,re_france,1677
135,1350,France,13.5,43.28485212993216,34.89081880188544,52.4326447842072,4,0.2962962962962963,2.5845050964359584,3.206285342957938,3.8838996136449775,re_france,1897
136,1360,France,13.0,99.05953948452938,80.30688860094193,119.65230384356504,9,0.6923076923076923,6.177452969303226,7.61996457573303,9.204023372581926,re_france,1846
137,1370,France,12.5,44.76803782764941,36.44586172816547,53.89313355100023,4,0.32,2.9156689382532375,3.5814430262119528,4.311450684080018,re_france,1914
138,1380,France,12.0,443.6790554875478,362.93875115971895,531.6494822036186,45,3.75,30.24489592997658,36.97325462396232,44.30412351696822,re_france,1812
139,1390,France,11.5,11.558674103607034,9.503265204703393,13.759003146780843,2,0.17391304347826086,0.8263708873655125,1.005102095965829,1.1964350562418125,re_france,1881
140,1400,France,11.0,152.5905636196416,126.04767990956972,180.8775581478473,16,1.4545454545454546,11.458879991779066,13.87186941996742,16.44341437707703,re_france,1795
141,1410,France,11.4,71.47417553747073,59.474886877670144,84.38577742202206,6,0.5263157894736842,5.2170953401465034,6.269664520830766,7.402261177370356,re_france,1761
142,1420,France,11.8,241.6254972903252,202.10315634107408,284.0719043863568,22,1.8644067796610169,17.127386130599497,20.476737058502135,24.073890202233624,re_france,1728
143,1430,France,12.2,97.94496480936692,82.35932860231068,114.53637375474244,10,0.819672131147541,6.750764639533663,8.02827580404647,9.388227356946102,re_france,1761
144,1440,France,12.6,694.2027740634064,587.719401071226,807.1317130661821,62,4.920634920634921,46.64439691041476,55.09545825900051,64.05807246557,re_france,1795
145,1450,France,13.0,87.7790217924304,74.64276364566255,101.64014279786456,8,0.6153846153846154,5.74175104966635,6.752232445571569,7.818472522912658,re_france,1812
146,1460,France,13.4,278.7778707791836,238.2087484079809,322.01760386055486,29,2.1641791044776117,17.776772269252305,20.804318714864447,24.031164467205585,re_france,1745
147,1470,France,13.8,76.74280252560138,65.75297005603679,88.30357057135356,7,0.5072463768115941,4.7647079750751296,5.5610726467827085,6.398809461692287,re_france,1728
148,1480,France,14.2,915.5071401703336,788.3184838383395,1048.8625529478988,84,5.915492957746479,55.51538618579856,64.47233381481223,73.86356006675345,re_france,1677
149,1490,France,14.6,129.82069576648777,112.20465089010764,148.15454154050963,15,1.0273972602739727,7.685250060966277,8.891828477156697,10.14757133839107,re_france,1745
150,1500,France,15.0,482.9100658850752,418.89081680460816,550.262631160343,41,2.7333333333333334,27.926054453640543,32.19400439233835,36.68417541068953,re_france,1694
151,1510,France,15.35,301.33443139386014,262.0054753104873,342.7605071327759,26,1.6938110749185669,17.068760606546405,19.630907582661898,22.329674731776933,re_france,1659
152,1520,France,15.7,853.4568457935569,744.0665975707885,967.7849587187976,74,4.713375796178344,47.39277691533685,54.36030864927114,61.642354058522145,re_france,1643
153,1530,France,16.05,630.5249916119996,551.0463872482628,714.1372563686339,53,3.3021806853582554,34.33310823976715,39.28504620635511,44.49453310707999,re_france,1643
154,1540,France,16.4,3135.1031811824087,2748.858417197827,3548.797989135639,264,16.097560975609756,167.61331812181874,191.16482812087858,216.3901212887585,re_france,1592
155,1550,France,16.75,653.6891556350756,574.302378802169,739.3194617589426,58,3.462686567164179,34.28670918221904,39.02621824687019,44.13847532889209,re_france,1490
156,1560,France,17.1,1664.438683055004,1468.1910300000627,1880.6311831873672,142,8.304093567251462,85.85912456140717,97.33559550029263,109.9784317653431,re_france,1439
157,1570,France,17.45,1006.6385543946628,890.867822413787,1134.523307167152,87,4.98567335243553,51.052597272996394,57.68702317447925,65.01566230184253,re_france,1490
158,1580,France,17.8,2146.991100709806,1908.251098900048,2412.954909948176,184,10.337078651685394,107.20511791573303,120.61747756796662,135.55926460383012,re_france,1524
159,1590,France,18.15,909.0682562168116,810.9484987400064,1017.0542459798812,79,4.352617079889807,44.68035805730063,50.086405301201744,56.03604661046178,re_france,1559
160,1600,France,18.5,1705.2980345406045,1526.7989660639632,1897.977634769496,152,8.216216216216216,82.5296738412953,92.17827213732997,102.593385663216,re_france,1610
161,1610,France,19.0,1249.2908091357838,1122.99911504813,1385.425956128932,115,6.052631578947368,59.10521658148053,65.75214784925178,72.91715558573327,re_france,1626
162,1620,France,19.5,2394.218645133253,2160.9834214376924,2646.467987668381,225,11.538461538461538,110.81966263783038,122.78044334016683,135.71630705991697,re_france,1643
163,1630,France,20.0,1557.7281102994373,1412.8827741885923,1714.089899970611,156,7.8,70.64413870942961,77.88640551497187,85.70449499853055,re_france,1643
164,1640,France,20.5,3190.7231342016066,2906.513609060374,3493.583083721732,331,16.146341463414632,141.78115166148166,155.64503093666374,170.41868701081617,re_france,1659
165,1650,France,21.0,1810.1425428724056,1657.212891384756,1973.2984547438791,201,9.571428571428571,78.91489958975028,86.19726394630503,93.96659308304186,re_france,1659
166,1660,France,21.2,2555.41978325534,2351.707558895672,2771.552147429229,266,12.547169811320755,110.9296018347015,120.53866902147831,130.7335918598693,re_france,1677
167,1670,France,21.4,2086.426154420141,1929.4168038031848,2250.593554869571,230,10.74766355140187,90.1596637291208,97.4965492719692,105.16792312474632,re_france,1745
168,1680,France,21.6,4266.310647617742,3961.3924070291073,4585.659434895853,453,20.97222222222222,183.39779662171793,197.5143818341547,212.29904791184504,re_france,1694
169,1690,France,21.8,2134.9489329946227,1989.274802709234,2285.5304531325087,242,11.100917431192661,91.25113773895569,97.93343729333131,104.84084647396828,re_france,1710
170,1700,France,22.0,2397.4527009029243,2239.8708642710426,2559.848673577042,289,13.136363636363637,101.81231201232012,108.97512276831475,116.35675788986555,re_france,1694
171,1710,France,22.4,1899.2586967836316,1779.0596102926866,2024.834692307484,224,10.0,79.42230403092351,84.78833467784071,90.39440590658411,re_france,1643
172,1720,France,22.8,2635.2110173757032,2472.6846989382097,2803.352401982309,317,13.903508771929824,108.45108328676358,115.57943058665364,122.95405271852232,re_france,1728
173,1730,France,23.2,2003.3278279707883,1879.658827926809,2128.677617706277,256,11.03448275862069,81.01977706581073,86.35033741253399,91.7533455907878,re_france,1728
174,1740,France,23.6,3682.084490789922,3458.528081562265,3907.683216256544,464,19.66101694915254,146.54780006619765,156.0205292707594,165.5797972990061,re_france,1659
175,1750,France,24.0,2633.389066998843,2476.2188599410174,2791.54193525376,358,14.916666666666666,103.17578583087572,109.72454445828514,116.31424730224,re_france,1677
176,1760,France,25.0,4184.191652122125,3936.0633974820503,4432.812861291892,550,22.0,157.442535899282,167.36766608488497,177.31251445167567,re_france,1643
177,1770,France,26.0,3962.1953068425146,3730.2813765959513,4193.08086400684,547,21.03846153846154,143.47236063830582,152.39212718625055,161.27234092333998,re_france,1694
178,1780,France,27.0,6693.27194975713,6310.8220176439,7071.362685883772,930,34.44444444444444,233.73414880162593,247.89896110211592,261.90232169939895,re_france,1710
179,1820,France,31.8,7562.231776481338,7221.178230980345,7905.712637240638,1093,34.37106918238994,227.08107644592278,237.8060307069603,248.60731563649804,re_france,1809
180,1830,France,33.2,8877.161350111299,8507.798830866888,9257.520627394912,1315,39.60843373493976,256.2590009297255,267.38437801540056,278.84098275285874,re_france,1898
181,1840,France,34.6,15236.111148481332,14634.514568919118,15848.372188423516,2259,65.28901734104046,422.9628488126912,440.35003319310204,458.0454389717779,re_france,2276
182,1850,France,36.0,14649.83197939873,14082.73719343318,15219.657370274514,2141,59.47222222222222,391.1871442620328,406.9397772055203,422.76826028540313,re_france,2546
183,1860,France,37.0,19232.63059633485,18415.431916186517,20057.102813518635,2810,75.94594594594595,497.7143761131491,519.800826927969,542.083859824828,re_france,3016
184,1870,France,38.0,13997.846834000204,13297.867133720005,14721.940675270867,1976,52.0,349.9438719400001,368.3643903684264,387.4194914544965,re_france,2990
185,1880,France,39.0,21481.31786892802,20157.94925912475,22858.54742380184,3081,79.0,516.8704938237115,550.8030222802057,586.1166006103036,re_france,3379
186,1400,Eastern Europe,9.75,257.5289554206926,179.6827973591019,343.4695841140831,15,1.5384615384615385,18.429004857343784,26.413226196994117,35.22764965272647,re_eastern_europe,956
187,1410,Eastern Europe,10.025,55.85006784767759,39.52576546475039,73.87786321927976,3,0.29925187032418954,3.942719747107271,5.571079087050133,7.369362914641372,re_eastern_europe,896
188,1420,Eastern Europe,10.3,207.27265430728517,148.73562870245968,271.98866339432664,12,1.1650485436893203,14.440352301209677,20.12355867061021,26.40666634896375,re_eastern_europe,980
189,1430,Eastern Europe,10.575,76.29496134982774,55.49698867828629,99.02177665574692,4,0.3782505910165485,5.247942191800123,7.214653555539267,9.363761385886233,re_eastern_europe,1019
190,1440,Eastern Europe,10.85,753.0466391605304,554.9198623531839,968.4260829151094,42,3.870967741935484,51.144687774487,69.40522019912723,89.25586017650778,re_eastern_europe,948
191,1450,Eastern Europe,11.125,39.096380388487766,29.166253854075016,49.902021036238686,3,0.2696629213483146,2.6216857396921363,3.5142813832348554,4.485574924605725,re_eastern_europe,905
192,1460,Eastern Europe,11.4,277.0783220555887,209.7532343086643,351.16368555009257,15,1.3157894736842104,18.399406518303884,24.305115969788485,30.803832065797593,re_eastern_europe,858
193,1470,Eastern Europe,11.675,260.4911695203971,199.56187815046152,327.1032522668243,15,1.284796573875803,17.093094488262228,22.311877474980477,28.017409187736558,re_eastern_europe,791
194,1480,Eastern Europe,11.95,1054.9250315798492,818.7084342451799,1319.401841332936,55,4.602510460251047,68.51116604562175,88.27824532048948,110.41019592744236,re_eastern_europe,856
195,1490,Eastern Europe,12.225,246.4595751149114,193.39702235599268,305.78501764250444,13,1.0633946830265848,15.819797329733552,20.16029244293754,25.013089377709974,re_eastern_europe,845
196,1500,Eastern Europe,12.5,540.5597790069373,426.981084456163,665.4921982596323,29,2.32,34.15848675649304,43.24478232055499,53.239375860770586,re_eastern_europe,944
197,1510,Eastern Europe,12.8,252.52108600481824,200.8673570952595,308.7485133655735,13,1.015625,15.692762273067148,19.728209844126425,24.12097760668543,re_eastern_europe,948
198,1520,Eastern Europe,13.1,1171.235001516839,937.93349283834,1424.356167351854,59,4.5038167938931295,71.59797655254505,89.40725202418619,108.72947842380566,re_eastern_europe,983
199,1530,Eastern Europe,13.4,732.5238943937188,589.8956425598608,888.2839010380038,35,2.6119402985074625,44.02206287760155,54.66596226818797,66.28984336104506,re_eastern_europe,961
200,1540,Eastern Europe,13.7,2484.1777678496287,2011.10533412246,2999.28678566641,121,8.832116788321168,146.79600978996058,181.32684436858605,218.926042749373,re_eastern_europe,982
201,1550,Eastern Europe,14.0,660.9732884168716,538.4188644343925,796.5582205211417,35,2.5,38.45849031674232,47.21237774406226,56.897015751510125,re_eastern_europe,1041
202,1560,Eastern Europe,14.3,2404.9040790385966,1965.5096116859029,2879.573493576844,114,7.972027972027972,137.44822459341978,168.17511042227946,201.36877577460447,re_eastern_europe,1146
203,1570,Eastern Europe,14.6,1844.6035664481265,1514.3693516830897,2204.4884204889554,87,5.958904109589041,103.72392819747189,126.3427100306936,150.99235756773666,re_eastern_europe,1181
204,1580,Eastern Europe,14.9,3361.6197147542457,2767.9852003050705,3998.105405571543,161,10.805369127516778,185.77081881242083,225.6120613929024,268.3292218504391,re_eastern_europe,1286
205,1590,Eastern Europe,15.2,1146.0915297519257,949.1636398906904,1358.2463987904478,55,3.618421052631579,62.44497630859806,75.4007585363109,89.35831570989788,re_eastern_europe,1186
206,1600,Eastern Europe,15.5,2496.8444929268303,2080.1146718151663,2951.2742546536674,116,7.483870967741935,134.2009465687204,161.08674147915033,190.40479062281725,re_eastern_europe,1038
207,1610,Eastern Europe,15.5,1608.0007965990726,1346.1272938031864,1886.9691738791432,73,4.709677419354839,86.84692218085074,103.74198687735952,121.73994670188021,re_eastern_europe,995
208,1620,Eastern Europe,15.5,2606.0145594932287,2195.9497548954687,3047.137003549068,120,7.741935483870968,141.67417773519153,168.1299715802083,196.58948409993988,re_eastern_europe,872
209,1630,Eastern Europe,15.5,1678.3130728471565,1423.1388400709216,1951.150795843716,78,5.032258064516129,91.81540903683364,108.27826276433268,125.88069650604619,re_eastern_europe,872
210,1640,Eastern Europe,15.5,3877.071462392162,3305.721158515752,4492.738090333154,175,11.290322580645162,213.27233280746788,250.1336427349782,289.85407034407444,re_eastern_europe,929
211,1650,Eastern Europe,15.5,1722.2141789029388,1480.2000092763133,1983.3867316104845,78,5.032258064516129,95.4967747920202,111.11059218728637,127.96043429745062,re_eastern_europe,901
212,1660,Eastern Europe,15.85,3149.1715621578173,2725.645404865526,3611.577954274313,142,8.958990536277602,171.96500977069564,198.68590297525662,227.85980784065066,re_eastern_europe,923
213,1670,Eastern Europe,16.200000000000003,2100.5843876517406,1829.6200969021609,2400.311868878724,92,5.679012345679011,112.93951215445435,129.66570294146544,148.16739931350145,re_eastern_europe,800
214,1680,Eastern Europe,16.549999999999997,4677.259700829869,4095.555555337426,5315.515710478047,199,12.024169184290033,247.46559246751823,282.61387920422175,321.17919700773706,re_eastern_europe,988
215,1690,Eastern Europe,16.9,3305.932485600587,2909.938899139933,3738.1850587702384,144,8.520710059171599,172.1857336769191,195.61730684027143,221.19438217575376,re_eastern_europe,1028
216,1700,Eastern Europe,17.25,4215.198398164367,3723.8367072872265,4751.047190023208,185,10.72463768115942,215.87459172679573,244.3593274298184,275.42302550859176,re_eastern_europe,985
217,1710,Eastern Europe,18.05,3319.0227104878654,2940.353383390663,3729.313093044285,143,7.922437673130194,162.90046445377635,183.879374542264,206.61014365896315,re_eastern_europe,953
218,1720,Eastern Europe,18.85,4714.065421576006,4178.674410838341,5281.144733805524,207,10.981432360742705,221.6803400975247,250.08304623745389,280.16682937960337,re_eastern_europe,971
219,1730,Eastern Europe,19.65,4299.01790985954,3815.973839754602,4808.333411035358,178,9.05852417302799,194.1971419722444,218.77953739743208,244.69890132495462,re_eastern_europe,971
220,1740,Eastern Europe,20.45,7492.855507636805,6662.820278048735,8358.341555797118,324,15.843520782396089,325.8102825451704,366.3988023294281,408.72085847418674,re_eastern_europe,931
221,1750,Eastern Europe,21.25,5945.216075091221,5293.99082527246,6620.04655614602,260,12.235294117647058,249.12898001282164,279.7748741219398,311.53160264216564,re_eastern_europe,1079
222,1760,Eastern Europe,22.85,7460.774354813738,6658.121446874995,8300.593129500803,327,14.310722100656454,291.3838707603936,326.51091268331453,363.26446956239835,re_eastern_europe,1019
223,1770,Eastern Europe,24.45,8015.365335252147,7170.735910270279,8913.776601872692,348,14.233128834355828,293.2816323218928,327.8268030777974,364.5716401583923,re_eastern_europe,982
224,1780,Eastern Europe,26.05,11811.58087654958,10590.872197985023,13098.73225311112,522,20.038387715930902,406.5593933967379,453.419611383861,502.83041278737505,re_eastern_europe,1004
225,1790,Eastern Europe,27.65,10714.947046821411,9663.646627869986,11836.45587893904,481,17.39602169981917,349.49897388318215,387.5206888543006,428.08158694173744,re_eastern_europe,942
226,1800,Eastern Europe,29.25,14977.80222496218,13577.312491413006,16458.35479555081,670,22.905982905982906,464.18162363805146,512.0616145286216,562.6787964290876,re_eastern_europe,902
227,1820,Eastern Europe,33.75,21127.67631910752,19388.81034255993,22929.90580247174,960,28.444444444444443,574.4832694091831,626.0052242698524,679.4046163695331,re_eastern_europe,818
228,1830,Eastern Europe,36.0,20341.59045787985,18811.45424393005,21923.95500743319,959,26.63888888888889,522.5403956647236,565.0441793855514,608.9987502064774,re_eastern_europe,942
229,1840,Eastern Europe,38.25,33499.61329747872,31177.54634734839,35901.42853715571,1603,41.908496732026144,815.099250911069,875.8068835942148,938.5994388798879,re_eastern_europe,907
230,1850,Eastern Europe,40.5,34513.51049093266,32257.23481531832,36855.23912176926,1627,40.17283950617284,796.4749337115635,852.1854442205596,910.0059042412162,re_eastern_europe,985
231,1860,Eastern Europe,45.1,46999.76271447981,43772.49154433331,50331.83158470933,2268,50.288248337028826,970.5652227124901,1042.1233417844746,1116.0051349159496,re_eastern_europe,1358
232,1870,Eastern Europe,49.7,45976.18771927035,42329.63161590994,49741.980563084086,2269,45.65392354124748,851.7028494146869,925.0741995829043,1000.8446793377079,re_eastern_europe,1575
233,1880,Eastern Europe,54.3,76140.61713976377,68825.20290592288,83617.20905553747,3816,70.27624309392266,1267.4991327057621,1402.221310124563,1539.9117689785908,re_eastern_europe,1886
234,1400,Central Europe,6.25,174.98492467157735,116.08616929261946,240.9563652788708,11,1.76,18.573787086819113,27.997587947452374,38.553018444619326,re_central_europe,956
235,1410,Central Europe,6.449999999999999,32.267716314516605,21.76593456477159,43.91275189026849,2,0.310077519379845,3.3745634984142003,5.002746715428931,6.808178587638526,re_central_europe,896
236,1420,Central Europe,6.65,114.58824849961456,78.73484106303268,154.33286592440285,8,1.2030075187969924,11.839825723764312,17.231315563851812,23.207949763068097,re_central_europe,980
237,1430,Central Europe,6.85,49.84755199249673,34.78414170046146,66.67359839985404,3,0.43795620437956206,5.077976890578316,7.2770148894155815,9.733372029175774,re_central_europe,1019
238,1440,Central Europe,7.050000000000001,455.55898543828926,322.91697846552296,605.4787557678816,28,3.9716312056737584,45.80382673269829,64.61829580684953,85.88351145643709,re_central_europe,948
239,1460,Central Europe,7.449999999999999,139.3518235631676,101.46578009997476,181.8222393965383,8,1.0738255033557047,13.619567798654332,18.70494276015673,24.40566971765615,re_central_europe,858
240,1470,Central Europe,7.65,159.38174123034818,117.9319947505696,206.6434751851743,10,1.3071895424836601,15.415947026218248,20.834214539914793,27.012218978454158,re_central_europe,791
241,1480,Central Europe,7.85,702.4112778937268,524.2742911989745,903.680519671326,41,5.222929936305733,66.7865339106974,89.47914368072954,115.11853753774854,re_central_europe,856
242,1490,Central Europe,8.05,109.9398648734681,82.7987168894543,140.35618074612708,7,0.8695652173913043,10.285554893099912,13.657126071238272,17.4355504032456,re_central_europe,845
243,1500,Central Europe,8.25,298.3554138148618,227.23974118290784,378.2424927916084,19,2.303030303030303,27.544211052473678,36.16429258361961,45.84757488383132,re_central_europe,944
244,1510,Central Europe,8.5,151.85584226541067,116.79168193447217,191.12286106985655,9,1.0588235294117647,13.740197874643783,17.865393207695373,22.485042478806655,re_central_europe,948
245,1520,Central Europe,8.75,773.0893282084306,597.469733422206,969.8963185522076,44,5.0285714285714285,68.28225524825211,88.3530660809635,110.84529354882373,re_central_europe,983
246,1530,Central Europe,9.0,452.6973886720981,352.28244556708535,564.2816901156136,24,2.6666666666666665,39.14249395189837,50.299709852455344,62.697965568401514,re_central_europe,961
247,1540,Central Europe,9.25,1643.8705626975363,1286.4384734668145,2043.10403741174,87,9.405405405405405,139.07442956397995,177.71573650784177,220.87611215262052,re_central_europe,982
248,1550,Central Europe,9.5,326.73150502125327,256.84366752819403,402.9193942393032,20,2.1052631578947367,27.036175529283582,34.392790002237184,42.4125678146635,re_central_europe,1041
249,1560,Central Europe,9.75,1789.0033170596494,1417.4640147298376,2193.7510320249307,90,9.23076923076923,145.38092458767565,183.4875196984256,225.00010584871083,re_central_europe,1146
250,1570,Central Europe,10.0,1441.0177178993445,1145.9372993787624,1764.3222790663158,72,7.2,114.59372993787625,144.10177178993445,176.43222790663157,re_central_europe,1181
251,1580,Central Europe,10.25,2288.249214647719,1835.729156603937,2787.177116492854,114,11.121951219512194,179.09552747355485,223.24382581928964,271.91971868222964,re_central_europe,1286
252,1590,Central Europe,10.5,747.6220626860439,603.4669747963973,904.485527914975,38,3.619047619047619,57.4730452187045,71.20210120819466,86.14147884904524,re_central_europe,1186
253,1600,Central Europe,10.75,1881.1074600187244,1525.9770562152066,2261.272318997522,92,8.55813953488372,141.95135406653085,174.9867404668581,210.3509133951183,re_central_europe,1038
254,1610,Central Europe,10.7,1299.625181404062,1061.990291371896,1554.3824104505352,59,5.514018691588785,99.2514291001772,121.46029732748244,145.26938415425565,re_central_europe,995
255,1620,Central Europe,10.65,1856.408315297064,1530.7997676449477,2210.9380503751017,87,8.169014084507042,143.73706738450213,174.3106399339966,207.59981693662925,re_central_europe,872
256,1630,Central Europe,10.6,1227.4734935564634,1019.4214446372296,1452.7945919390793,57,5.377358490566038,96.17183439973864,115.79938618457201,137.05609357915841,re_central_europe,872
257,1640,Central Europe,10.55,2615.764643662797,2186.8098725002737,3077.6070907305825,116,10.995260663507109,207.280556635097,247.93977665050207,291.71631191759076,re_central_europe,929
258,1650,Central Europe,10.5,1316.4954559797502,1105.6252306576644,1539.6762017943329,59,5.619047619047619,105.29764101501566,125.38051961711906,146.63582874231741,re_central_europe,901
259,1660,Central Europe,10.8,2350.947395947513,1984.963418695116,2737.5086165231987,101,9.351851851851851,183.79290913843664,217.68031443958452,253.4730200484443,re_central_europe,923
260,1670,Central Europe,11.1,1631.2283639393477,1382.345830708267,1892.835637913628,70,6.306306306306307,124.5356604241682,146.9575102648061,170.5257331453719,re_central_europe,800
261,1680,Central Europe,11.4,3533.723154312808,3006.6733321840225,4082.2044980003143,144,12.631578947368421,263.7432747529844,309.9757152905972,358.0881138596767,re_central_europe,988
262,1690,Central Europe,11.7,2237.8495427253915,1912.3888401027011,2580.7319502143537,93,7.948717948717949,163.4520376156155,191.2691916859309,220.5753803602012,re_central_europe,1028
263,1700,Central Europe,12.0,2703.07102228388,2312.493600044528,3114.2726587133056,111,9.25,192.70780000371067,225.25591852365667,259.5227215594421,re_central_europe,985
264,1710,Central Europe,12.4,2386.35645457226,2043.621954719803,2748.059325224117,95,7.661290322580645,164.8082221548228,192.44810117518227,221.61768751807395,re_central_europe,953
265,1720,Central Europe,12.8,3486.838168067958,2987.4722102922465,4013.391003583331,142,11.09375,233.39626642908175,272.4092318803092,313.5461721549477,re_central_europe,971
266,1730,Central Europe,13.2,3134.247278926133,2689.64940709793,3596.8743487898755,119,9.015151515151516,203.76131871954018,237.4429756762222,272.49048096893,re_central_europe,971
267,1740,Central Europe,13.6,4531.661186932507,3902.0619916681385,5201.420009735132,181,13.308823529411764,286.9163229167749,333.2103813920961,382.45735365699505,re_central_europe,931
268,1750,Central Europe,14.0,4324.928096322998,3727.041751211989,4955.52031312635,170,12.142857142857142,266.21726794371347,308.92343545164266,353.96573665188214,re_central_europe,1079
269,1760,Central Europe,15.0,5148.842115972157,4445.366369292367,5893.721112137042,206,13.733333333333333,296.3577579528245,343.2561410648105,392.9147408091361,re_central_europe,1019
270,1770,Central Europe,16.0,5372.317175348824,4657.629510839805,6140.636929079395,207,12.9375,291.10184442748783,335.7698234593015,383.78980806746216,re_central_europe,982
271,1780,Central Europe,17.0,6982.022585702317,6078.337105761113,7962.024658307236,280,16.470588235294116,357.5492415153596,410.7072109236657,468.3543916651315,re_central_europe,1004
272,1790,Central Europe,18.0,7108.307398707519,6231.281592836092,8058.098561548575,285,15.833333333333334,346.18231071311624,394.90596659486215,447.6721423082542,re_central_europe,942
273,1800,Central Europe,19.0,9365.376187951246,8272.772830961418,10561.201199667314,382,20.105263157894736,435.40909636639043,492.9145362079603,555.8526947193322,re_central_europe,902
274,1820,Central Europe,22.0,12579.618328591216,11278.91417820426,13973.642429908768,528,24.0,512.6779171911028,571.8008331177825,635.1655649958531,re_central_europe,818
275,1830,Central Europe,23.5,12604.231110083125,11398.279827913208,13906.36433540774,548,23.319148936170212,485.03318416651945,536.3502600035372,591.7601844854357,re_central_europe,942
276,1840,Central Europe,25.0,20830.11582020832,18979.710203661496,22823.719767438102,941,37.64,759.1884081464599,833.2046328083328,912.9487906975241,re_central_europe,907
277,1850,Central Europe,26.5,20791.68430894186,18998.207457672,22654.431817065008,947,35.735849056603776,716.9134889687548,784.5918607147872,854.8842195118871,re_central_europe,985
278,1860,Central Europe,29.8,26797.029264036835,24453.63706801387,29271.036111999623,1275,42.785234899328856,820.5918479199286,899.229169934122,982.2495339597189,re_central_europe,1358
279,1870,Central Europe,33.099999999999994,25583.726691584718,23060.10469733888,28253.27278921836,1265,38.21752265861028,696.6799002217185,772.922256543345,853.5731960488932,re_central_europe,1575
280,1880,Central Europe,36.400000000000006,43108.19022014279,37936.95244275656,48535.648718608485,2225,61.12637362637361,1042.2239682075976,1184.2909401138127,1333.396942818914,re_central_europe,1886
281,1500,German world,11.8,2753.840240733723,2362.9298527530286,3173.4899507273985,134,11.35593220338983,200.24829260618884,233.37629158760365,268.93982633283036,re_german_world,1827
282,1600,German world,15.5,9739.5940378575,8623.486421544676,10919.986686060029,365,23.548387096774192,556.3539626803017,628.3609056682258,704.515270068389,re_german_world,1286
283,1650,German world,14.25,6684.653013941623,6051.289620160711,7360.651996729846,259,18.17543859649123,424.65190316917267,469.09845711871037,516.5369822266559,re_german_world,1511
284,1700,German world,16.75,15135.683597412948,14019.353105631128,16292.676455249775,632,37.73134328358209,836.9763048137987,903.6229013380864,972.6971018059568,re_german_world,1497
285,1750,German world,19.25,14252.860546155403,13336.776965799869,15191.202011236264,707,36.72727272727273,692.8195826389542,740.4083400600209,789.1533512330527,re_german_world,1674
286,1800,German world,22.75,28329.23618102643,26726.36570996873,29943.50446756187,1651,72.57142857142857,1174.7853059326915,1245.2411508143487,1316.1979985741482,re_german_world,1572
287,1820,German world,27.05,28697.39304106688,27279.577976381846,30156.217259463345,1789,66.13678373382625,1008.4871710307522,1060.9017760098661,1114.832431033765,re_german_world,1572
288,1850,German world,33.5,43029.74584078387,41241.41370996557,44886.03340556442,3070,91.64179104477611,1231.0869764168826,1284.470025098026,1339.8815941959529,re_german_world,2276
289,1860,German world,37.25,52561.75476205206,50258.51855564659,54999.85116771788,3855,103.48993288590604,1349.2219746482306,1411.0538191154917,1476.5060716165874,re_german_world,2613
290,1870,German world,40.99999999999999,45091.62489732648,42774.97892232711,47491.74281572832,3396,82.82926829268294,1043.2921688372467,1099.795729203085,1158.3351906275202,re_german_world,2931
291,1880,German world,44.75000000000001,71042.90648018,66545.68014468803,75626.56182755937,5472,122.27932960893853,1487.0543049092294,1587.550982797318,1689.9790352527232,re_german_world,3174
292,1840,Balkans,11.0,1577.0102230579714,1252.754921215928,1914.6783205070617,85,7.7272727272727275,113.88681101962983,143.36456573254284,174.06166550064196,re_balkans,1932
293,1850,Balkans,11.5,1875.319375621092,1493.430902872584,2285.7529854853083,96,8.347826086956522,129.86355677152906,163.071250054008,198.7611291726355,re_balkans,1607
294,1860,Balkans,12.8,3039.5798541437757,2398.31050932926,3750.943051323472,157,12.265625,187.36800854134844,237.46717610498246,293.0424258846462,re_balkans,2125
295,1870,Balkans,14.1,2977.692637887924,2302.267859436638,3750.667534172484,155,10.99290780141844,163.28140847068354,211.18387502751233,266.004789657623,re_balkans,1938
296,1880,Balkans,15.4,5085.406298504828,3814.259481618277,6588.356862097442,256,16.623376623376622,247.6791871180699,330.2211882145992,427.81538065567804,re_balkans,2028
297,1530,Portugal,1.475,114.42093382756036,80.24631719448925,154.7198818111689,7,4.745762711864407,54.404282843721525,77.57351445936295,104.8948351262162,re_portugal,1281
298,1540,Portugal,1.55,820.0363917461962,580.0123195668216,1099.380142560889,54,34.83870967741935,374.2014964947236,529.0557366104491,709.2775113296058,re_portugal,1218
299,1550,Portugal,1.625,110.80078869274662,78.59210263790096,147.87802206029107,9,5.538461538461538,48.364370854092904,68.18510073399793,91.00185972940989,re_portugal,1331
300,1560,Portugal,1.7,296.29093137646555,211.61571942141728,391.952708177129,21,12.352941176470589,124.47983495377487,174.2887831626268,230.56041657478178,re_portugal,1565
301,1570,Portugal,1.775,107.63015708709968,77.23978540518752,142.10943760900966,7,3.943661971830986,43.51537205926058,60.63670821808433,80.06165499099136,re_portugal,1433
302,1580,Portugal,1.85,379.3271011949968,273.4891343600097,498.8694079363414,28,15.135135135135135,147.83196451892417,205.0416763216199,269.6591394250494,re_portugal,1155
303,1590,Portugal,1.925,149.86323745040676,108.55268767510732,196.7362035899644,10,5.194805194805195,56.391006584471334,77.85103244176975,102.20062524153994,re_portugal,1313
304,1600,Portugal,2.0,237.04483658727307,172.18413587752767,310.55414477757466,19,9.5,86.09206793876383,118.52241829363653,155.27707238878733,re_portugal,1258
305,1610,Portugal,1.95,102.61927613144589,74.9087381877714,133.8317202091812,7,3.58974358974359,38.414737532190465,52.62526981099789,68.63165138932371,re_portugal,1471
306,1620,Portugal,1.9,159.72050453147838,117.32960490659096,207.18908487308855,11,5.7894736842105265,61.752423635047876,84.0634234376202,109.04688677530977,re_portugal,1446
307,1630,Portugal,1.85,158.35284010886136,116.56505388975172,205.1340050387195,11,5.945945945945946,63.00813723770363,85.5961297885737,110.88324596687539,re_portugal,1251
308,1640,Portugal,1.8,428.6056200940945,316.5758577570383,554.3980836344433,34,18.88888888888889,175.87547653168795,238.11423338560803,307.9989353524685,re_portugal,1425
309,1650,Portugal,1.75,85.16039816781509,62.96386066636326,110.1313499610652,7,4.0,35.97934895220758,48.663084667322906,62.932199977751544,re_portugal,1322
310,1660,Portugal,1.8,98.80667499648084,73.15750656186152,127.80434037465234,8,4.444444444444445,40.64305920103418,54.89259722026713,71.0024113192513,re_portugal,1460
311,1670,Portugal,1.85,84.31328520207069,62.50129570768248,108.6607367429134,6,3.243243243243243,33.784484166314854,45.574748757876044,58.73553337454778,re_portugal,1718
312,1680,Portugal,1.9,196.05762393593383,145.53041551517703,252.5076349453232,14,7.36842105263158,76.59495553430371,103.1882231241757,132.89875523438064,re_portugal,1609
313,1690,Portugal,1.95,27.941379631765688,20.714716524485954,35.89703444709013,2,1.0256410256410258,10.62293155101844,14.328912631674712,18.408735613892375,re_portugal,1954
314,1700,Portugal,2.0,153.46807279219996,113.79573815663112,197.4617877003275,11,5.5,56.89786907831556,76.73403639609998,98.73089385016375,re_portugal,1572
315,1710,Portugal,2.05,139.46658749415784,103.19093384937403,179.68684400399198,10,4.878048780487806,50.33704090213368,68.03248170446724,87.65211902633756,re_portugal,1352
316,1720,Portugal,2.1,167.46498625540593,123.89691778416328,215.9940650414908,13,6.19047619047619,58.99853227817299,79.7452315501933,102.8543166864242,re_portugal,1850
317,1730,Portugal,2.15,83.86567152728486,62.06711330700975,108.15795640010327,8,3.7209302325581395,28.868424793958024,39.00728908245808,50.30602623260618,re_portugal,1985
318,1740,Portugal,2.2,266.2469689750119,197.27960871215728,342.9932673819847,23,10.454545454545453,89.67254941461694,121.0213495340963,155.90603062817485,re_portugal,1889
319,1750,Portugal,2.25,253.1054861426139,188.11219709283307,326.3782959009839,19,8.444444444444445,83.60542093014803,112.49132717449507,145.0570204004373,re_portugal,2184
320,1760,Portugal,2.35,183.59696143998548,136.55087021767474,235.9812533617537,17,7.234042553191489,58.10675328411691,78.12636657020659,100.41755462202285,re_portugal,2152
321,1770,Portugal,2.45,283.9490579783827,211.98305045566144,363.8933073202466,22,8.979591836734693,86.52369406353527,115.89757468505415,148.52788053887616,re_portugal,1941
322,1780,Portugal,2.55,357.1419680690919,267.3551137881082,455.7956823697114,29,11.372549019607844,104.84514266200323,140.05567375258505,178.74340485086722,re_portugal,1887
323,1790,Portugal,2.65,258.9893082272949,194.8078754618773,329.5806610372801,21,7.9245283018867925,73.51240583467069,97.7318144253943,124.37006076878495,re_portugal,1748
324,1800,Portugal,2.75,319.14323156195167,241.33458092790136,405.1220179197766,26,9.454545454545455,87.75802942832776,116.05208420434606,147.3170974253733,re_portugal,1459
325,1810,Portugal,2.9,380.694126291283,289.7748500623645,481.51357533532206,28,9.655172413793103,99.92236209047053,131.27383665216655,166.03916390873175,re_portugal,1177
326,1820,Portugal,3.05,458.72084480464775,351.10450352342787,577.7923024749458,33,10.819672131147541,115.11623066341897,150.40027698513043,189.4400991721134,re_portugal,1665
327,1830,Portugal,3.2,209.66243459184628,160.9002117874645,262.8628267766304,17,5.3125,50.28131618358266,65.51951080995195,82.144633367697,re_portugal,1721
328,1840,Portugal,3.35,759.0868287830375,584.0452947995308,947.7244073802405,55,16.417910447761194,174.34187904463604,226.59308321881716,282.9028081732061,re_portugal,1503
329,1850,Portugal,3.5,508.8805311965464,390.0839311193412,635.3047577435393,36,10.285714285714286,111.45255174838319,145.39443748472755,181.51564506958266,re_portugal,1470
330,1870,Portugal,4.1,1009.8006306500092,747.7568158779754,1293.7457638458432,73,17.804878048780488,182.3797111897501,246.2928367439047,315.547747279474,re_portugal,1554
331,1880,Portugal,4.4,1953.848747464768,1408.5819994105575,2553.5311666138614,135,30.68181818181818,320.13227259330847,444.05653351471994,580.3479924122412,re_portugal,1510
332,1340,Nordic countries,1.266,19.05234648335465,10.716805898879665,29.0813655750598,3,2.3696682464454977,8.465091547298313,15.049246827294352,22.971062855497472,re_nordic_countries,1490
333,1370,Nordic countries,1.113,6.489319986250732,3.798419471989518,9.667482458780777,1,0.8984725965858041,3.4127758059205013,5.83047617812285,8.685968067188478,re_nordic_countries,1709
334,1380,Nordic countries,1.062,6.5622029448516805,3.904881203809885,9.67599010643172,1,0.9416195856873822,3.6769126212899104,6.179098818127759,9.111101795133447,re_nordic_countries,1503
335,1410,Nordic countries,1.01,6.86041382009318,4.298013767584695,9.818281346243555,1,0.9900990099009901,4.255459175826431,6.792488930785327,9.721070639845104,re_nordic_countries,1498
336,1420,Nordic countries,1.06,6.986431661892627,4.444334012282723,9.876149903835104,1,0.9433962264150942,4.192767936115776,6.590973265936441,9.317122550787834,re_nordic_countries,1360
337,1440,Nordic countries,1.16,43.6714963358838,28.668603727714157,60.54291025519079,6,5.172413793103448,24.714313558374275,37.64784166886535,52.192164013095514,re_nordic_countries,1248
338,1470,Nordic countries,1.31,7.816540048065555,5.389740064923805,10.528492917895669,1,0.7633587786259541,4.114305393071606,5.966824464172179,8.037017494576846,re_nordic_countries,1529
339,1480,Nordic countries,1.36,80.21834653470002,56.07248356350163,107.42529650005102,10,7.352941176470588,41.22976732610414,58.98407833433824,78.98918860297869,re_nordic_countries,1366
340,1500,Nordic countries,1.46,8.46922560560441,6.086670068276853,11.13766423725392,1,0.684931506849315,4.168952101559489,5.800839455893432,7.628537148804055,re_nordic_countries,1760
341,1520,Nordic countries,1.518,53.76825773657517,39.60956514381511,69.74098510620415,6,3.952569169960474,26.093257670497437,35.42045964201263,45.94267793557586,re_nordic_countries,2418
342,1530,Nordic countries,1.5470000000000002,55.33173580731452,41.181671088601135,71.17786566254067,7,4.524886877828054,26.620343302263173,35.76712075456659,46.0102557611769,re_nordic_countries,1561
343,1540,Nordic countries,1.576,189.81181765098177,142.42785265455123,242.69767001490803,20,12.690355329949238,90.37300295339544,120.43897059072447,153.99598351199748,re_nordic_countries,1412
344,1550,Nordic countries,1.605,78.12642435279831,59.169826872255314,99.15043185455714,8,4.984423676012461,36.865935745953465,48.67689990828555,61.775970002839344,re_nordic_countries,1655
345,1560,Nordic countries,1.634,90.41306971531986,69.19773197742396,113.77572666671244,12,7.343941248470013,42.348673180798016,55.332356006927704,69.6301876785266,re_nordic_countries,1610
346,1570,Nordic countries,1.663,72.30274114207533,55.74270305724132,90.30387247608544,7,4.2092603728202045,33.51936443610422,43.47729473365925,54.3017874179708,re_nordic_countries,1755
347,1580,Nordic countries,1.692,318.3868344099793,247.86382381387716,394.33904542027113,30,17.73049645390071,146.4916216394073,188.17188794916035,233.0609015486236,re_nordic_countries,1478
348,1590,Nordic countries,1.721,98.0602497208756,77.0311047787944,120.62641036847016,9,5.229517722254503,44.759503067283205,56.978645973780125,70.09088342153989,re_nordic_countries,1510
349,1600,Nordic countries,1.75,346.4410691889039,274.8786919291361,422.5111559759481,33,18.857142857142858,157.07353824522062,197.9663252508022,241.43494627197035,re_nordic_countries,1258
350,1610,Nordic countries,1.81,240.47810516145185,192.7163006193556,291.5274079855795,23,12.707182320441989,106.47309426483734,132.86083158091262,161.0648662903754,re_nordic_countries,1486
351,1620,Nordic countries,1.87,527.4744820298735,427.0954894542058,634.994317251779,47,25.13368983957219,228.39330986855924,282.0719155239965,339.56915361057696,re_nordic_countries,1623
352,1630,Nordic countries,1.93,299.6260269255821,244.6566110516437,358.3225082347108,28,14.507772020725389,126.76508344644752,155.24664607543113,185.65933069156003,re_nordic_countries,1423
353,1640,Nordic countries,1.99,783.3610630533474,645.1636190464607,928.8293328316252,70,35.175879396984925,324.20282364143753,393.6487754036921,466.7484084581031,re_nordic_countries,1701
354,1650,Nordic countries,2.05,399.5212782853908,332.54282255445884,469.6657616150308,36,17.5609756097561,162.21601100217507,194.88842843189798,229.10524956830773,re_nordic_countries,1388
355,1660,Nordic countries,2.1100000000000003,750.391432911666,630.6353486672623,875.2033678177575,75,35.545023696682456,298.87931216457923,355.63575019510233,414.7883259799798,re_nordic_countries,1726
356,1670,Nordic countries,2.17,672.8127123982189,570.5222672460241,778.2088661416619,57,26.267281105990783,262.91348721014936,310.0519411973359,358.62159730030504,re_nordic_countries,1838
357,1680,Nordic countries,2.23,1156.6630676165198,988.713208707528,1327.4405501844878,99,44.39461883408072,443.36915188678387,518.682989962565,595.2648207105327,re_nordic_countries,1876
358,1690,Nordic countries,2.29,733.2733492263051,632.0693255452907,836.8299523769648,65,28.38427947598253,276.0128059149741,320.2067027189105,365.42792680216803,re_nordic_countries,1881
359,1700,Nordic countries,2.35,1188.1623728545126,1032.0655872305713,1351.039303508456,99,42.12765957446808,439.1768456300303,505.6010097253245,574.9103419184919,re_nordic_countries,2002
360,1710,Nordic countries,2.47,778.0938851279135,678.4207045199666,880.707864311408,67,27.12550607287449,274.66425284209174,315.01776725826454,356.5618883851854,re_nordic_countries,1913
361,1720,Nordic countries,2.59,1239.935715850018,1086.2695197756786,1399.4929309766526,99,38.22393822393823,419.4090809944705,478.7396586293506,540.3447609948466,re_nordic_countries,1921
362,1730,Nordic countries,2.71,1040.909022844468,916.1181389569778,1170.9950643926793,86,31.734317343173434,338.05097378486266,384.0992704223129,432.1014997758964,re_nordic_countries,1787
363,1740,Nordic countries,2.83,2302.4191473750548,2033.7564736044783,2584.317811823167,190,67.13780918727915,718.6418634644799,813.5756704505494,913.186505944582,re_nordic_countries,1500
364,1750,Nordic countries,2.95,1988.1540158575915,1763.5497240000825,2228.2496992429665,160,54.23728813559322,597.8134657627398,673.950513850031,755.3388810993106,re_nordic_countries,1554
365,1760,Nordic countries,3.0700000000000003,3069.995283743669,2727.273081932106,3436.133790522932,249,81.10749185667751,888.3625674045946,999.9984637601527,1119.2618210172416,re_nordic_countries,1669
366,1770,Nordic countries,3.1900000000000004,2422.7111350610294,2158.367624737345,2704.2375292194106,193,60.501567398119114,676.6042710775375,759.4705752542411,847.7233633916646,re_nordic_countries,1454
367,1780,Nordic countries,3.31,3642.9169209105594,3257.026645935936,4050.629915201838,296,89.42598187311178,983.9959655395577,1100.579130184459,1223.7552613902833,re_nordic_countries,1594
368,1790,Nordic countries,3.43,3275.137341598177,2941.3119026999184,3633.0954994028593,266,77.55102040816327,857.5253360641161,954.8505369090894,1059.211515860892,re_nordic_countries,1602
369,1800,Nordic countries,3.55,3716.327262514722,3355.0600835337555,4102.669302402596,299,84.22535211267606,945.0873474742974,1046.852750004147,1155.6814936345343,re_nordic_countries,1366
370,1810,Nordic countries,3.853,3377.009653804409,3063.630578027958,3703.452618907623,282,73.18972229431611,795.1286213412816,876.4624069048557,961.1867684681088,re_nordic_countries,1320
371,1820,Nordic countries,4.156,4649.064903159792,4244.858300013796,5063.637547989667,406,97.69008662175169,1021.3807266635698,1118.6392933493246,1218.3920952814406,re_nordic_countries,1415
372,1830,Nordic countries,4.459,4549.088150517931,4173.590886648062,4930.533879250047,387,86.79076026014802,935.9925738165648,1020.2036668575761,1105.7487955259132,re_nordic_countries,1468
373,1840,Nordic countries,4.762,6776.092827932937,6244.213314705862,7319.573692972474,604,126.837463250735,1311.258570916813,1422.95103484522,1537.0797339295411,re_nordic_countries,1568
374,1850,Nordic countries,5.065,7053.781216067813,6520.006630377806,7612.677970264337,664,131.09575518262585,1287.266856935401,1392.65177020095,1502.996637761962,re_nordic_countries,1715
375,1860,Nordic countries,5.568,9880.151116492572,9066.952173267891,10711.894204343733,895,160.73994252873564,1628.4037667506989,1774.4524275309936,1923.8315740559867,re_nordic_countries,1941
376,1870,Nordic countries,6.071,9468.356219481322,8598.983097424663,10394.339009481842,881,145.11612584417725,1416.4030797932242,1559.604055259648,1712.1296342417795,re_nordic_countries,2144
377,1880,Nordic countries,6.574,13881.054473562306,12355.752572900548,15494.665002800666,1351,205.50654091877092,1879.4877658808257,2111.5081340983124,2356.9615154853464,re_nordic_countries,2359
378,1370,Low countries,1.5950000000000002,22.30704124843127,14.904459600487264,31.03780026089535,3,1.8808777429467083,9.344488777734961,13.985605798389509,19.459435900247865,re_low_countries,2133
379,1380,Low countries,1.53,120.48447153922892,82.24157870113692,165.6416909325148,12,7.8431372549019605,53.75266581773655,78.74802061387511,108.26254309314692,re_low_countries,2055
380,1390,Low countries,1.465,21.5078668596564,14.95595838406292,29.16714940582699,2,1.36518771331058,10.208845313353528,14.681137788161363,19.909317000564496,re_low_countries,2266
381,1400,Low countries,1.4,31.6697043388615,22.46337464782797,42.53119920393755,5,3.5714285714285716,16.04526760559141,22.621217384901072,30.379428002812535,re_low_countries,1917
382,1420,Low countries,1.55,81.35637407153055,59.753343560616806,106.55917937741044,11,7.096774193548387,38.550544232656,52.487983271955194,68.74785766284545,re_low_countries,1924
383,1430,Low countries,1.625,29.94237188060824,22.36880171914713,38.71145398006316,3,1.8461538461538463,13.765416442552079,18.426075003451224,23.822433218500407,re_low_countries,1914
384,1440,Low countries,1.7,254.6874226476156,193.5394653976727,324.1045916047105,30,17.647058823529413,113.84674435157218,149.81613096918565,190.64975976747675,re_low_countries,2081
385,1450,Low countries,1.775,38.45775224812186,29.75195270448041,48.311908008881225,6,3.3802816901408455,16.761663495481923,21.66633929471654,27.217976343031676,re_low_countries,2201
386,1460,Low countries,1.85,160.43368262975105,126.12343805134648,198.7181286708011,20,10.81081081081081,68.17483137910621,86.72090952959516,107.41520468691951,re_low_countries,2322
387,1470,Low countries,1.925,37.05718819783732,29.629934320921464,45.37658241708007,7,3.6363636363636362,15.392173673205955,19.250487375499905,23.57225060627536,re_low_countries,2280
388,1480,Low countries,2.0,263.77118617202007,213.93858872751497,319.3976375797196,41,20.5,106.96929436375748,131.88559308601003,159.6988187898598,re_low_countries,2302
389,1490,Low countries,2.075,80.37955618985517,66.11562113708925,96.12653996234712,9,4.337349397590361,31.86294994558518,38.73713551318321,46.326043355348006,re_low_countries,2273
390,1500,Low countries,2.15,219.26916585551808,182.51344462719535,259.04615424567544,38,17.674418604651162,84.88997424520714,101.98565853745028,120.4865833700816,re_low_countries,2332
391,1510,Low countries,2.235,103.3751390315652,87.04960031365566,120.98800157268492,19,8.501118568232663,38.948367030718416,46.252858627098526,54.13333403699549,re_low_countries,2439
392,1520,Low countries,2.3200000000000003,296.18543117721066,252.34995095605004,343.56145458360123,53,22.844827586206893,108.77153058450432,127.66613412810803,148.0868338722419,re_low_countries,3011
393,1530,Low countries,2.405,224.48283857443377,193.11151758425555,258.1950295196374,35,14.553014553014554,80.29584930738277,93.34005761930719,107.35760063186586,re_low_countries,3389
394,1540,Low countries,2.49,874.1550614009595,759.2035470520796,998.1853588645432,139,55.82329317269076,304.9010229124817,351.06628971926085,400.87765416246714,re_low_countries,2404
395,1550,Low countries,2.575,289.03625227096165,253.0156401666196,327.6574450288298,45,17.475728155339805,98.25850103558042,112.24708826056762,127.24560971993388,re_low_countries,2884
396,1560,Low countries,2.66,552.3966197671123,486.3548947302911,622.2553571174969,99,37.21804511278195,182.84018598883122,207.6679021680873,233.93058538251765,re_low_countries,3084
397,1570,Low countries,2.745,279.264298459295,247.42707093798464,313.0991811220495,48,17.486338797814206,90.13736646192518,101.73562785402368,114.061632467049,re_low_countries,2298
398,1580,Low countries,2.83,922.8153858406672,822.4572180459728,1029.1156877958483,151,53.35689045936395,290.62092510458405,326.08317520871634,363.64511936249056,re_low_countries,3292
399,1590,Low countries,2.915,434.95714623638,390.1495869903356,482.3788931502478,71,24.356775300171527,133.8420538560328,149.21342924061065,165.481610000085,re_low_countries,4051
400,1600,Low countries,3.0,826.17809346649,745.3044674407392,911.093811200504,159,53.0,248.43482248024642,275.39269782216337,303.69793706683464,re_low_countries,4270
401,1610,Low countries,3.1,871.1919497549376,791.3315236402823,955.554294130785,173,55.806451612903224,255.26823343234912,281.0296612112702,308.24332068735,re_low_countries,3365
402,1620,Low countries,3.2,1523.0750739843609,1392.0350317498928,1662.392166851025,322,100.625,435.0109474218415,475.96096062011276,519.4975521409452,re_low_countries,3493
403,1630,Low countries,3.3,1078.6159607942775,989.8491467139756,1172.072319898759,251,76.06060606060606,299.9542868830229,326.8533214528114,355.1734302723512,re_low_countries,3198
404,1640,Low countries,3.4,1704.872256326058,1572.9839920725688,1843.2166832488408,435,127.94117647058823,462.64235060957907,501.43301656648765,542.1225538967179,re_low_countries,3532
405,1650,Low countries,3.5,1334.3989965930116,1234.9039827870508,1438.7819863436464,340,97.14285714285714,352.8297093677288,381.2568561694319,411.0805675267561,re_low_countries,4316
406,1660,Low countries,3.55,1913.5796190497151,1773.9163140760654,2057.3858331766,503,141.69014084507043,499.6947363594551,539.0365124083705,579.545305120169,re_low_countries,3168
407,1670,Low countries,3.6,1276.5717229567426,1184.578144593818,1370.7934660289704,285,79.16666666666667,329.0494846093939,354.60325637687293,380.77596278582513,re_low_countries,3476
408,1680,Low countries,3.65,1584.2119241971457,1470.807933487126,1695.6928631839044,347,95.06849315068493,402.9610776677058,434.03066416360156,464.5733871736724,re_low_countries,3549
409,1690,Low countries,3.7,922.6977032954148,856.2831251461614,989.0775994217144,193,52.16216216216216,231.4278716611247,249.3777576474094,267.31827011397684,re_low_countries,3915
410,1700,Low countries,3.75,1068.135279627907,989.1657387919284,1147.6611144516517,216,57.6,263.7775303445143,284.83607456744187,306.04296385377376,re_low_countries,3377
411,1710,Low countries,3.85,728.4345718443112,672.6259443094036,785.1667871478448,136,35.324675324675326,174.70803748296197,189.2037848946263,203.93942523320644,re_low_countries,4222
412,1720,Low countries,3.95,972.7617295069516,895.5194948139589,1050.2814040796538,189,47.848101265822784,226.71379615543262,246.26879228024092,265.89402634927944,re_low_countries,3516
413,1730,Low countries,4.05,918.6573412696767,843.5092091750493,993.996541035534,163,40.24691358024692,208.27387880865413,226.82897315300661,245.43124470013188,re_low_countries,3693
414,1740,Low countries,4.15,1084.8649316117908,993.6726294199258,1177.106865749901,192,46.26506024096385,239.4391878120303,261.4132365329616,283.64020861443396,re_low_countries,3465
415,1750,Low countries,4.25,726.1177477531585,663.8276792045389,788.886643571993,130,30.58823529411765,156.1947480481268,170.85123476544905,185.62038672282188,re_low_countries,3777
416,1760,Low countries,4.45,1139.5599158189057,1040.7018851649702,1238.5040635816597,202,45.39325842696629,233.86559217190342,256.08087995930464,278.3155199059909,re_low_countries,3963
417,1770,Low countries,4.65,1113.310933348973,1015.532228445605,1210.130242925385,188,40.43010752688172,218.39402762271075,239.42170609655332,260.2430629947064,re_low_countries,4340
418,1780,Low countries,4.85,1634.7663238347286,1493.723883383999,1776.414233405604,262,54.02061855670104,307.98430585237094,337.06522140922243,366.27097595991836,re_low_countries,4553
419,1790,Low countries,5.05,1470.8884803157546,1347.0037134711822,1595.9068445000044,246,48.71287128712871,266.7334086081549,291.26504560708014,316.02115732673354,re_low_countries,4199
420,1800,Low countries,5.25,1819.3102391666037,1671.8891076513116,1967.2532732461864,275,52.38095238095238,318.4550681240594,346.53528365078165,374.7149091897498,re_low_countries,4184
421,1820,Low countries,6.15,2502.7234040470616,2322.219031124719,2689.556077436902,340,55.28455284552845,377.59659042678356,406.94689496700187,437.32619145315476,re_low_countries,3006
422,1830,Low countries,6.6,2824.9760655371424,2633.587881763693,3026.97009420024,363,55.0,399.0284669338929,428.02667659653673,458.63183245458185,re_low_countries,3038
423,1840,Low countries,7.05,6326.229569218808,5909.225775181841,6755.655641947647,800,113.47517730496455,838.1880532172823,897.3375275487672,958.2490272266167,re_low_countries,3623
424,1850,Low countries,7.5,7003.317935287129,6533.651298559963,7499.333356145397,840,112.0,871.1535064746618,933.7757247049506,999.9111141527196,re_low_countries,3779
425,1860,Low countries,8.45,10065.476704514718,9307.256261815766,10838.965181064834,1123,132.89940828402368,1101.450445185298,1191.1806750904993,1282.717772907081,re_low_countries,3840
426,1870,Low countries,9.4,9834.062160948466,8964.475057294472,10745.43371219219,941,100.1063829787234,953.667559286646,1046.1768256328155,1143.1312459778926,re_low_countries,4422
427,1880,Low countries,10.35,14692.383167476271,13093.398461241472,16411.16348650513,1287,124.34782608695653,1265.0626532600456,1419.5539292247606,1585.6196605318967,re_low_countries,4666
428,1260,United Kingdom,3.67,100.86095928264064,65.0370502270338,142.33950624133652,8,2.1798365122615806,17.721267091834825,27.482550213253578,38.784606605268806,re_united_kingdom,1292
429,1270,United Kingdom,3.815,14.69674173932006,9.487503554833037,20.76629408085677,1,0.2621231979030144,2.486894771909053,3.8523569434652845,5.443327413068616,re_united_kingdom,1192
430,1280,United Kingdom,3.96,164.56886066467624,106.35326551763698,232.9916246762532,12,3.0303030303030303,26.856885231726512,41.55779309714046,58.836268857639695,re_united_kingdom,1058
431,1290,United Kingdom,4.105,15.196515433940792,9.853873670986673,21.49666944823046,2,0.48721071863580995,2.400456436293952,3.7019526026652354,5.236703885074411,re_united_kingdom,1004
432,1300,United Kingdom,4.25,46.20682834186403,30.07132268909432,65.43408052872726,3,0.7058823529411765,7.075605338610428,10.872194903968008,15.396254242053473,re_united_kingdom,1159
433,1310,United Kingdom,4.115,31.15508944461117,20.36011096718833,43.94976028677337,2,0.48602673147023084,4.947779092876872,7.571103145713528,10.680379170540307,re_united_kingdom,1213
434,1320,United Kingdom,3.98,62.88873424873944,41.36117090022262,88.36341487081513,4,1.0050251256281406,10.392253995030808,15.801189509733527,22.201863032868125,re_united_kingdom,1266
435,1330,United Kingdom,3.845,31.67286350036871,20.958593644311595,44.25559039116801,2,0.5201560468140441,5.4508696084035355,8.23741573481631,11.509906473645776,re_united_kingdom,1161
436,1340,United Kingdom,3.71,302.4965209005075,201.69277094574988,421.17156330233234,21,5.660377358490566,54.36462828726412,81.53545037749528,113.52333242650468,re_united_kingdom,1194
437,1350,United Kingdom,3.575,31.95275417668061,21.48520783709668,44.10673542031199,2,0.5594405594405594,6.0098483460410295,8.937833336134435,12.33754836931804,re_united_kingdom,1314
438,1360,United Kingdom,3.44,112.02863003572934,76.28070293590272,153.52472471930164,10,2.9069767441860463,22.17462294648335,32.56646221968876,44.62928044165746,re_united_kingdom,1581
439,1370,United Kingdom,3.305,32.01070577001034,22.053297176034697,43.52580804735948,3,0.9077155824508321,6.672707163701874,9.685538810895714,13.169684734450675,re_united_kingdom,1539
440,1380,United Kingdom,3.17,239.72509764497252,166.57000778109378,323.9655383101501,16,5.047318611987381,52.545743779524855,75.62305919399765,102.19733069720824,re_united_kingdom,1462
441,1390,United Kingdom,3.035,47.80402937818497,33.611996406184,64.12657218795071,3,0.9884678747940692,11.074792885068861,15.750915775349249,21.129018842817366,re_united_kingdom,1554
442,1400,United Kingdom,2.9,79.33032239246951,56.61272176557593,105.51281183093565,7,2.413793103448276,19.52162819502618,27.355283583610177,36.38372821756402,re_united_kingdom,1717
443,1410,United Kingdom,3.035,31.555153694381392,22.815198435637328,41.59579389509923,2,0.6589785831960461,7.5173635702264665,10.397085237028465,13.705368663953616,re_united_kingdom,1708
444,1420,United Kingdom,3.17,109.69669967514037,80.31238664832779,143.32249726220306,7,2.2082018927444795,25.335137743951986,34.60463712149539,45.212144246751755,re_united_kingdom,1778
445,1430,United Kingdom,3.305,31.09584696664048,23.051142971062088,40.06261517927858,2,0.605143721633888,6.974627222711676,9.408728280375334,12.121820023987468,re_united_kingdom,1669
446,1440,United Kingdom,3.44,308.2028950642806,231.45847441995664,393.0837680944284,21,6.104651162790698,67.2844402383595,89.59386484426761,114.26853723675245,re_united_kingdom,1623
447,1450,United Kingdom,3.575,61.03688342933149,46.5083810487086,77.00306554428921,4,1.1188811188811187,13.009337356282126,17.07325410610671,21.53931903336761,re_united_kingdom,1683
448,1460,United Kingdom,3.71,105.67667929957754,81.61824990503416,132.58523963063476,12,3.234501347708895,21.99952827628953,28.48428013465702,35.73726135596624,re_united_kingdom,1598
449,1470,United Kingdom,3.845,14.923911041872897,11.65736523051557,18.52768304711211,2,0.5201560468140441,3.0318245072862338,3.8813812852725347,4.81864318520471,re_united_kingdom,1597
450,1480,United Kingdom,3.98,250.61864101291528,197.67442814136083,308.82751720425995,17,4.271356783919598,49.66694174406051,62.969507792189766,77.59485356890953,re_united_kingdom,1718
451,1490,United Kingdom,4.115,58.211910929968965,46.33638748764525,71.29702335425971,4,0.9720534629404617,11.26036147937916,14.146272400964511,17.32612961221378,re_united_kingdom,1620
452,1500,United Kingdom,4.25,172.28578617999645,138.6503799879905,209.0013083130076,16,3.764705882352941,32.62361882070365,40.53783204235211,49.176778426590026,re_united_kingdom,1697
453,1510,United Kingdom,4.32,113.2465145021798,92.10713060389712,136.13917356771182,9,2.083333333333333,21.321095047198405,26.214470949578658,31.513697585118475,re_united_kingdom,1768
454,1520,United Kingdom,4.390000000000001,404.5474762562,331.5353599392861,483.4720181761389,31,7.061503416856491,75.52058312967792,92.15204470528472,110.13030026791317,re_united_kingdom,1755
455,1530,United Kingdom,4.46,219.84484915672772,181.80392982166836,260.884877599548,20,4.484304932735426,40.76321296449963,49.29256707549949,58.494367174786554,re_united_kingdom,1755
456,1540,United Kingdom,4.53,825.1941114017018,687.5309355677864,975.2810866120708,64,14.1280353200883,151.7728334586725,182.1620554970644,215.29383810420987,re_united_kingdom,1713
457,1550,United Kingdom,4.6,505.89586899906624,424.6559312546851,595.3435070021501,39,8.478260869565219,92.31650679449676,109.97736282588397,129.42250152220655,re_united_kingdom,1654
458,1560,United Kingdom,4.67,746.5184589648244,632.1584705429398,873.1692101121887,65,13.9186295503212,135.36583951668945,159.85405973550843,186.97413492766353,re_united_kingdom,1753
459,1570,United Kingdom,4.739999999999999,579.5872672062086,493.66846951112615,672.6173795072893,47,9.915611814345993,104.14946614158781,122.27579476924234,141.90240073993448,re_united_kingdom,1737
460,1580,United Kingdom,4.8100000000000005,1418.1866670200234,1214.1159817772848,1638.453148403088,122,25.36382536382536,252.4149650264625,294.8413029147657,340.63475018775216,re_united_kingdom,1716
461,1590,United Kingdom,4.88,672.0511873369298,578.935300579469,772.7716173750001,69,14.139344262295083,118.6342829056289,137.71540724117415,158.3548396260246,re_united_kingdom,1558
462,1600,United Kingdom,4.95,1871.070591672703,1622.2795047210195,2137.140999004489,166,33.535353535353536,327.73323327697364,377.99405892377837,431.7456563645432,re_united_kingdom,1691
463,1610,United Kingdom,5.12,1225.460545943724,1069.1859470942711,1390.468316029171,119,23.2421875,208.82538029184983,239.34776287963356,271.5758429744475,re_united_kingdom,1919
464,1620,United Kingdom,5.29,1427.9393541195834,1256.2372406054046,1610.681050275528,142,26.843100189035916,237.4739585265415,269.93182497534656,304.4765690501943,re_united_kingdom,1842
465,1630,United Kingdom,5.46,846.082143321468,748.5657152548216,949.673295457125,84,15.384615384615385,137.09994784886842,154.96009950942639,173.93283799581044,re_united_kingdom,1416
466,1640,United Kingdom,5.63,1843.8496062006368,1641.1732446965864,2059.186709166964,184,32.682060390763766,291.5050168199976,327.5043705507348,365.7525238307219,re_united_kingdom,1683
467,1650,United Kingdom,5.8,1296.463172654279,1159.8488590584068,1441.696521327333,136,23.448275862068968,199.9739412169667,223.52813321625501,248.5683657460919,re_united_kingdom,1446
468,1660,United Kingdom,5.99,1733.9510913880788,1558.9048142928436,1918.790304647076,181,30.21702838063439,260.2512210839472,289.47430574091464,320.33227122655694,re_united_kingdom,1578
469,1670,United Kingdom,6.18,1045.2716434993652,945.7455914802796,1149.904969461422,117,18.932038834951456,153.0332672298187,169.13780639148305,186.06876528501977,re_united_kingdom,1934
470,1680,United Kingdom,6.37,1576.6486397219933,1434.1904247794962,1726.818433528553,174,27.315541601255887,225.14763340337458,247.51156039591731,271.0860963153144,re_united_kingdom,2209
471,1690,United Kingdom,6.56,914.4259426881172,835.9845939617135,996.9103863961022,118,17.98780487804878,127.4366759087978,139.39419858050567,151.9680467067229,re_united_kingdom,2386
472,1700,United Kingdom,6.75,1602.212706430833,1469.1511528525907,1741.3996259100936,182,26.962962962962962,217.65202264482826,237.36484539716042,257.9851297644583,re_united_kingdom,2412
473,1710,United Kingdom,6.85,1373.2310391413323,1262.940150727817,1488.752119472388,153,22.335766423357665,184.3708249237689,200.47168454617992,217.33607583538512,re_united_kingdom,2066
474,1720,United Kingdom,6.949999999999999,1624.676442771099,1497.0185976399302,1756.670367732968,208,29.928057553956837,215.39835937265187,233.7663946433236,252.75832629251343,re_united_kingdom,2715
475,1730,United Kingdom,7.050000000000001,1538.175969995212,1419.5885940575934,1659.7752122072045,185,26.241134751773046,201.3600842634884,218.1809886518031,235.42910811449707,re_united_kingdom,2538
476,1740,United Kingdom,7.15,2528.661156726676,2339.659441951873,2724.235102151928,320,44.75524475524475,327.2250967764857,353.65890303869594,381.01190239887103,re_united_kingdom,2526
477,1750,United Kingdom,7.25,1793.875063555201,1661.6256447993717,1930.9603282482497,235,32.41379310344828,229.18974411025818,247.43104324899323,266.3393556204482,re_united_kingdom,2702
478,1760,United Kingdom,7.95,2893.1636801935656,2684.4832551231184,3110.219755056685,407,51.19496855345912,337.67084970102115,363.91995977277554,391.22261069895404,re_united_kingdom,2915
479,1770,United Kingdom,8.65,2564.777967813456,2386.817246791833,2752.826531483709,347,40.115606936416185,275.9326296869171,296.50612344664233,318.24584179002414,re_united_kingdom,2952
480,1780,United Kingdom,9.35,3979.0980205384335,3711.843582524176,4260.073524272455,608,65.02673796791444,396.9886184517835,425.5719808062496,455.6228368205834,re_united_kingdom,3049
481,1790,United Kingdom,10.05,3145.5778856342126,2943.1328078917813,3358.6127350555034,483,48.05970149253731,292.8490356111225,312.9928244412152,334.19032189607,re_united_kingdom,3072
482,1800,United Kingdom,10.75,4462.563630784503,4191.684268208047,4751.421314494446,670,62.325581395348834,389.92411797284154,415.12219821251193,441.992680418088,re_united_kingdom,3343
483,1810,United Kingdom,12.8,4198.166717023654,3961.435585745141,4452.284603576639,656,51.25,309.48715513633914,327.981774767473,347.8347346544249,re_united_kingdom,3478
484,1820,United Kingdom,14.85,6167.788745824104,5838.781135204019,6508.989854147817,951,64.04040404040404,393.1839148285535,415.33930948310467,438.3158150941291,re_united_kingdom,3306
485,1830,United Kingdom,16.9,6051.521025494294,5751.711241964363,6358.408289503978,934,55.26627218934912,340.3379433115008,358.07816718901154,376.23717689372654,re_united_kingdom,3550
486,1840,United Kingdom,18.95,9606.202483224137,9162.294682894582,10068.132604231236,1505,79.41952506596306,483.49840015274845,506.9236138904558,531.2998735742077,re_united_kingdom,4018
487,1850,United Kingdom,21.0,9489.03208901906,9053.254760741298,9940.690165177,1462,69.61904761904762,431.10736955910943,451.8586709056695,473.3661983417619,re_united_kingdom,4332
488,1860,United Kingdom,24.3,11812.504754508776,11220.128512091154,12412.387803528114,1837,75.59670781893004,461.7336836251504,486.1113067699085,510.79785199704173,re_united_kingdom,5086
489,1870,United Kingdom,27.6,9471.613130364784,8912.61706971869,10029.621513191578,1468,53.188405797101446,322.9209083231409,343.1743887813327,363.392083811289,re_united_kingdom,5829
490,1880,United Kingdom,30.9,13618.62382467294,12638.776472534164,14622.63406349819,2133,69.02912621359224,409.0218923150215,440.7321626107748,473.224403349456,re_united_kingdom,5997
