,year,region_name,population_interpolated,N_est,lower,upper,score,century,score_cap,lower_cap,N_est_cap,upper_cap,region_code,country_code_maddison,gdp_per_capita
0,1811,Eastern Europe,21.786671731625784,12767.236681404758,11646.05059447766,13930.342740770067,596.9,19.0,27.375489160970197,534.0741195671935,585.4983769396183,638.8454366318628,re_eastern_europe,POL,690
1,1812,Eastern Europe,21.816683521212337,13696.174418927287,12506.357233153467,14930.294192070252,636.8,19.0,29.149622163234312,572.4037643604289,626.8737600272385,683.372107243709,re_eastern_europe,POL,663
2,1813,Eastern Europe,21.846695310798886,14625.112156449817,13366.663871829274,15930.24564337044,676.7,19.0,30.923755165498427,610.7334091536644,668.2491431148587,727.8987778555553,re_eastern_europe,POL,679
3,1814,Eastern Europe,21.87670710038544,15554.049893972346,14226.970510505083,16930.197094670624,716.6,19.0,32.69788816776254,649.0630539468998,709.6245262024788,772.4254484674016,re_eastern_europe,POL,720
4,1815,Eastern Europe,21.906718889971987,16482.987631494874,15087.27714918089,17930.148545970813,756.5,19.0,34.472021170026665,687.3926987401353,750.9999092900989,816.9521190792478,re_eastern_europe,POL,733
5,1816,Eastern Europe,21.936730679558536,17411.9253690174,15947.583787856698,18930.099997270998,796.4,19.0,36.24615417229078,725.7223435333708,792.3752923777191,861.4787896910941,re_eastern_europe,POL,736
6,1817,Eastern Europe,21.96674246914509,18340.86310653993,16807.890426532507,19930.051448571183,836.3,19.0,38.020287174554895,764.0519883266063,833.7506754653393,906.0054603029404,re_eastern_europe,POL,746
7,1818,Eastern Europe,21.996754258731638,19269.80084406246,17668.197065208315,20930.002899871368,876.2,19.0,39.79442017681902,802.3816331198417,875.1260585529594,950.5321309147866,re_eastern_europe,POL,762
8,1819,Eastern Europe,22.02676604831819,20198.738581584992,18528.503703884122,21929.954351171556,916.0999999999999,19.0,41.56855317908313,840.7112779130771,916.5014416405795,995.0588015266329,re_eastern_europe,POL,792
9,1820,Eastern Europe,22.05677783790474,21127.67631910752,19388.81034255993,22929.90580247174,956.0,19.0,43.34268618134725,879.0409227063126,957.8768247281997,1039.5854721384792,re_eastern_europe,POL,818
10,1821,Eastern Europe,22.086796379726234,21049.067732984753,19331.074732696943,22829.310722967886,958.0,19.0,43.373947840375024,875.2781962751625,953.0746228184066,1033.6901312566988,re_eastern_europe,POL,834
11,1822,Eastern Europe,22.11681492154773,20970.459146861984,19273.339122833953,22728.71564346403,960.0,19.0,43.405209499402794,871.5154698440124,948.2724209086136,1027.7947903749186,re_eastern_europe,POL,850
12,1823,Eastern Europe,22.146833463369227,20891.850560739218,19215.603512970963,22628.120563960176,962.0,19.0,43.43647115843057,867.7527434128623,943.4702189988205,1021.8994494931383,re_eastern_europe,POL,870
13,1824,Eastern Europe,22.17685200519072,20813.241974616452,19157.867903107977,22527.52548445632,964.0,19.0,43.46773281745834,863.9900169817122,938.6680170890276,1016.0041086113579,re_eastern_europe,POL,888
14,1825,Eastern Europe,22.206870547012215,20734.633388493683,19100.13229324499,22426.930404952465,966.0,19.0,43.49899447648612,860.2272905505621,933.8658151792345,1010.1087677295775,re_eastern_europe,POL,897
15,1826,Eastern Europe,22.23688908883371,20656.024802370917,19042.396683382,22326.33532544861,968.0,19.0,43.530256135513895,856.464564119412,929.0636132694414,1004.2134268477972,re_eastern_europe,POL,902
16,1827,Eastern Europe,22.266907630655204,20577.41621624815,18984.66107351901,22225.740245944755,970.0,19.0,43.561517794541665,852.7018376882619,924.2614113596484,998.318085966017,re_eastern_europe,POL,921
17,1828,Eastern Europe,22.296926172476702,20498.807630125386,18926.925463656025,22125.1451664409,972.0,19.0,43.59277945356944,848.9391112571118,919.4592094498553,992.4227450842366,re_eastern_europe,POL,942
18,1829,Eastern Europe,22.326944714298197,20420.199044002617,18869.18985379304,22024.550086937044,974.0,19.0,43.62404111259721,845.1763848259617,914.6570075400623,986.5274042024562,re_eastern_europe,POL,953
19,1830,Eastern Europe,22.35696325611969,20341.59045787985,18811.45424393005,21923.95500743319,976.0,19.0,43.65530277162499,841.4136583948116,909.8548056302692,980.6320633206759,re_eastern_europe,POL,942
20,1831,Eastern Europe,22.38698794562235,21657.392741839736,20048.063454271884,23321.70236040544,1037.5,19.0,46.31181973411131,894.877700014426,966.7234212865153,1041.0236195019859,re_eastern_europe,POL,929
21,1832,Eastern Europe,22.417012635125012,22973.195025799625,21284.672664613718,24719.449713377693,1099.0,19.0,48.96833669659763,948.3417416340402,1023.5920369427613,1101.4151756832957,re_eastern_europe,POL,923
22,1833,Eastern Europe,22.44703732462767,24288.99730975951,22521.28187495555,26117.197066349945,1160.5,19.0,51.62485365908395,1001.8057832536546,1080.4606525990075,1161.8067318646058,re_eastern_europe,POL,920
23,1834,Eastern Europe,22.47706201413033,25604.7995937194,23757.891085297386,27514.9444193222,1222.0,19.0,54.28137062157027,1055.2698248732688,1137.3292682552535,1222.1982880459157,re_eastern_europe,POL,923
24,1835,Eastern Europe,22.50708670363299,26920.601877679284,24994.50029563922,28912.69177229445,1283.5,19.0,56.93788758405659,1108.7338664928832,1194.1978839114995,1282.5898442272255,re_eastern_europe,POL,915
25,1836,Eastern Europe,22.53711139313565,28236.40416163917,26231.109505981054,30310.439125266705,1345.0,19.0,59.59440454654291,1162.1979081124975,1251.0664995677457,1342.9814004085356,re_eastern_europe,POL,912
26,1837,Eastern Europe,22.56713608263831,29552.206445599055,27467.71871632289,31708.186478238957,1406.5,19.0,62.250921509029226,1215.661949732112,1307.9351152239917,1403.3729565898454,re_eastern_europe,POL,923
27,1838,Eastern Europe,22.597160772140967,30868.008729558944,28704.327926664722,33105.93383121121,1468.0,19.0,64.90743847151555,1269.125991351726,1364.8037308802377,1463.7645127711553,re_eastern_europe,POL,921
28,1839,Eastern Europe,22.627185461643627,32183.811013518833,29940.937137006556,34503.68118418346,1529.5,19.0,67.56395543400187,1322.5900329713404,1421.672346536484,1524.1560689524654,re_eastern_europe,POL,913
29,1840,Eastern Europe,22.657210151146288,33499.61329747872,31177.54634734839,35901.42853715571,1591.0,19.0,70.22047239648819,1376.0540745909548,1478.54096219273,1584.5476251337752,re_eastern_europe,POL,907
30,1841,Eastern Europe,22.68724045329539,33601.003016824114,31285.515194145384,35996.809595617065,1596.1,19.0,70.35076778059128,1378.9570687725263,1481.0233167527545,1586.6295847149163,re_eastern_europe,POL,921
31,1842,Eastern Europe,22.717270755444495,33702.39273616951,31393.484040942378,36092.19065407842,1601.2,19.0,70.48106316469438,1381.860062954098,1483.505671312779,1588.7115442960571,re_eastern_europe,POL,917
32,1843,Eastern Europe,22.7473010575936,33803.7824555149,31501.452887739368,36187.57171253978,1606.3,19.0,70.61135854879748,1384.7630571356697,1485.9880258728035,1590.793503877198,re_eastern_europe,POL,913
33,1844,Eastern Europe,22.777331359742703,33905.172174860294,31609.42173453636,36282.95277100113,1611.4,19.0,70.74165393290058,1387.6660513172415,1488.470380432828,1592.875463458339,re_eastern_europe,POL,915
34,1845,Eastern Europe,22.807361661891807,34006.56189420569,31717.390581333355,36378.333829462485,1616.5,19.0,70.87194931700367,1390.569045498813,1490.9527349928526,1594.95742303948,re_eastern_europe,POL,932
35,1846,Eastern Europe,22.83739196404091,34107.951613551086,31825.35942813035,36473.71488792384,1621.6,19.0,71.00224470110676,1393.4720396803846,1493.4350895528771,1597.039382620621,re_eastern_europe,POL,944
36,1847,Eastern Europe,22.867422266190015,34209.34133289648,31933.328274927342,36569.09594638519,1626.7,19.0,71.13254008520985,1396.3750338619564,1495.9174441129016,1599.1213422017618,re_eastern_europe,POL,956
37,1848,Eastern Europe,22.89745256833912,34310.73105224187,32041.297121724332,36664.47700484655,1631.8,19.0,71.26283546931296,1399.278028043528,1498.3997986729262,1601.2033017829028,re_eastern_europe,POL,960
38,1849,Eastern Europe,22.927482870488223,34412.120771587266,32149.265968521326,36759.858063307904,1636.9,19.0,71.39313085341605,1402.1810222250997,1500.8821532329507,1603.285261364044,re_eastern_europe,POL,960
39,1850,Eastern Europe,22.957513172637327,34513.51049093266,32257.23481531832,36855.23912176926,1642.0,19.0,71.52342623751915,1405.0840164066713,1503.3645077929752,1605.3672209451847,re_eastern_europe,POL,985
40,1851,Eastern Europe,22.98754861286672,35762.135713287375,33408.76048821982,38202.89836806327,1706.5,19.0,74.20431528314464,1452.7807088199145,1555.109191765425,1661.2382646209041,re_eastern_europe,POL,1038
41,1852,Eastern Europe,23.017584053096115,37010.760935642094,34560.286161121316,39550.55761435727,1771.0,19.0,76.88520432877013,1500.4774012331577,1606.853875737875,1717.1093082966233,re_eastern_europe,POL,1062
42,1853,Eastern Europe,23.04761949332551,38259.38615799681,35711.81183402282,40898.21686065128,1835.5,19.0,79.56609337439562,1548.174093646401,1658.598559710325,1772.9803519723428,re_eastern_europe,POL,1108
43,1854,Eastern Europe,23.077654933554903,39508.01138035152,36863.33750692431,42245.87610694529,1900.0,19.0,82.24698242002111,1595.8707860596442,1710.3432436827748,1828.851395648062,re_eastern_europe,POL,1133
44,1855,Eastern Europe,23.107690373784294,40756.63660270623,38014.863179825814,43593.53535323929,1964.5,19.0,84.9278714656466,1643.5674784728876,1762.0879276552246,1884.7224393237814,re_eastern_europe,POL,1162
45,1856,Eastern Europe,23.137725814013688,42005.26182506095,39166.38885272731,44941.1945995333,2029.0,19.0,87.6087605112721,1691.2641708861306,1813.8326116276744,1940.5934829995008,re_eastern_europe,POL,1159
46,1857,Eastern Europe,23.167761254243082,43253.887047415665,40317.91452562881,46288.85384582731,2093.5,19.0,90.28964955689759,1738.960863299374,1865.5772956001242,1996.46452667522,re_eastern_europe,POL,1183
47,1858,Eastern Europe,23.197796694472476,44502.51226977038,41469.44019853031,47636.51309212131,2158.0,19.0,92.97053860252308,1786.6575557126173,1917.321979572574,2052.335570350939,re_eastern_europe,POL,1237
48,1859,Eastern Europe,23.22783213470187,45751.1374921251,42620.96587143181,48984.17233841532,2222.5,19.0,95.65142764814857,1834.3542481258605,1969.066663545024,2108.206614026659,re_eastern_europe,POL,1296
49,1860,Eastern Europe,23.257867574931264,46999.76271447981,43772.49154433331,50331.83158470933,2287.0,19.0,98.33231669377406,1882.0509405391037,2020.811347517474,2164.077657702378,re_eastern_europe,POL,1358
50,1861,Eastern Europe,23.257867574931264,46999.76271447981,43772.49154433331,50331.83158470933,2287.0,19.0,98.33231669377406,1882.0509405391037,2020.811347517474,2164.077657702378,re_eastern_europe,POL,1387
51,1862,Eastern Europe,23.257867574931264,46999.76271447981,43772.49154433331,50331.83158470933,2287.0,19.0,98.33231669377406,1882.0509405391037,2020.811347517474,2164.077657702378,re_eastern_europe,POL,1376
52,1863,Eastern Europe,23.257867574931264,46999.76271447981,43772.49154433331,50331.83158470933,2287.0,19.0,98.33231669377406,1882.0509405391037,2020.811347517474,2164.077657702378,re_eastern_europe,POL,1387
53,1864,Eastern Europe,23.257867574931264,46999.76271447981,43772.49154433331,50331.83158470933,2287.0,19.0,98.33231669377406,1882.0509405391037,2020.811347517474,2164.077657702378,re_eastern_europe,POL,1420
54,1865,Eastern Europe,23.257867574931264,46999.76271447981,43772.49154433331,50331.83158470933,2287.0,19.0,98.33231669377406,1882.0509405391037,2020.811347517474,2164.077657702378,re_eastern_europe,POL,1446
55,1866,Eastern Europe,23.257867574931264,46999.76271447981,43772.49154433331,50331.83158470933,2287.0,19.0,98.33231669377406,1882.0509405391037,2020.811347517474,2164.077657702378,re_eastern_europe,POL,1470
56,1867,Eastern Europe,23.257867574931264,46999.76271447981,43772.49154433331,50331.83158470933,2287.0,19.0,98.33231669377406,1882.0509405391037,2020.811347517474,2164.077657702378,re_eastern_europe,POL,1516
57,1868,Eastern Europe,23.257867574931264,46999.76271447981,43772.49154433331,50331.83158470933,2287.0,19.0,98.33231669377406,1882.0509405391037,2020.811347517474,2164.077657702378,re_eastern_europe,POL,1556
58,1869,Eastern Europe,23.257867574931264,46999.76271447981,43772.49154433331,50331.83158470933,2287.0,19.0,98.33231669377406,1882.0509405391037,2020.811347517474,2164.077657702378,re_eastern_europe,POL,1559
59,1870,Eastern Europe,23.257867574931264,46999.76271447981,43772.49154433331,50331.83158470933,2287.0,19.0,98.33231669377406,1882.0509405391037,2020.811347517474,2164.077657702378,re_eastern_europe,POL,1575
60,1871,Eastern Europe,23.257867574931264,46999.76271447981,43772.49154433331,50331.83158470933,2287.0,19.0,98.33231669377406,1882.0509405391037,2020.811347517474,2164.077657702378,re_eastern_europe,POL,1576
61,1872,Eastern Europe,23.257867574931264,46999.76271447981,43772.49154433331,50331.83158470933,2287.0,19.0,98.33231669377406,1882.0509405391037,2020.811347517474,2164.077657702378,re_eastern_europe,POL,1599
62,1873,Eastern Europe,23.257867574931264,46999.76271447981,43772.49154433331,50331.83158470933,2287.0,19.0,98.33231669377406,1882.0509405391037,2020.811347517474,2164.077657702378,re_eastern_europe,POL,1653
63,1874,Eastern Europe,23.257867574931264,46999.76271447981,43772.49154433331,50331.83158470933,2287.0,19.0,98.33231669377406,1882.0509405391037,2020.811347517474,2164.077657702378,re_eastern_europe,POL,1682
64,1875,Eastern Europe,23.257867574931264,46999.76271447981,43772.49154433331,50331.83158470933,2287.0,19.0,98.33231669377406,1882.0509405391037,2020.811347517474,2164.077657702378,re_eastern_europe,POL,1686
65,1876,Eastern Europe,23.257867574931264,46999.76271447981,43772.49154433331,50331.83158470933,2287.0,19.0,98.33231669377406,1882.0509405391037,2020.811347517474,2164.077657702378,re_eastern_europe,POL,1733
66,1877,Eastern Europe,23.257867574931264,46999.76271447981,43772.49154433331,50331.83158470933,2287.0,19.0,98.33231669377406,1882.0509405391037,2020.811347517474,2164.077657702378,re_eastern_europe,POL,1761
67,1878,Eastern Europe,23.257867574931264,46999.76271447981,43772.49154433331,50331.83158470933,2287.0,19.0,98.33231669377406,1882.0509405391037,2020.811347517474,2164.077657702378,re_eastern_europe,POL,1800
68,1879,Eastern Europe,23.257867574931264,46999.76271447981,43772.49154433331,50331.83158470933,2287.0,19.0,98.33231669377406,1882.0509405391037,2020.811347517474,2164.077657702378,re_eastern_europe,POL,1835
69,1880,Eastern Europe,23.257867574931264,46999.76271447981,43772.49154433331,50331.83158470933,2287.0,19.0,98.33231669377406,1882.0509405391037,2020.811347517474,2164.077657702378,re_eastern_europe,POL,1886
70,1820,France,32.971299258426704,7562.231776481338,7221.178230980345,7905.712637240638,1106.0,19.0,33.54432566734027,219.01406354603324,229.35801580669,239.77558710308088,re_france,FRA,1809
71,1821,France,33.036404365661525,7693.724733844334,7349.840290968999,8040.893436256066,1126.9,19.0,34.10098196578996,222.4166551189026,232.8247746145074,243.33185793270653,re_france,FRA,1953
72,1822,France,33.101509472896346,7825.21769120733,7478.502350957653,8176.074235271493,1147.8,19.0,34.65763826423966,225.81924669177195,236.29153342232476,246.88812876233217,re_france,FRA,1875
73,1823,France,33.16661458013117,7956.710648570326,7607.164410946308,8311.25503428692,1168.7,19.0,35.21429456268935,229.22183826464132,239.75829223014216,250.44439959195782,re_france,FRA,1934
74,1824,France,33.23171968736599,8088.203605933322,7735.826470934962,8446.435833302348,1189.6,19.0,35.77095086113905,232.62442983751066,243.22505103795953,254.00067042158346,re_france,FRA,1986
75,1825,France,33.29682479460081,8219.696563296318,7864.488530923616,8581.616632317775,1210.5,19.0,36.327607159588744,236.02702141038003,246.69180984577693,257.55694125120914,re_france,FRA,1898
76,1826,France,33.36192990183563,8351.189520659314,7993.150590912271,8716.797431333202,1231.4,19.0,36.88426345803844,239.4296129832494,250.15856865359433,261.1132120808348,re_france,FRA,1949
77,1827,France,33.42703500907045,8482.68247802231,8121.812650900925,8851.97823034863,1252.3,19.0,37.440919756488135,242.83220455611874,253.6253274614117,264.66948291046043,re_france,FRA,1908
78,1828,France,33.49214011630527,8614.175435385307,8250.474710889579,8987.159029364057,1273.2,19.0,37.99757605493783,246.2347961289881,257.09208626922907,268.2257537400861,re_france,FRA,1897
79,1829,France,33.55724522354009,8745.668392748303,8379.136770878235,9122.339828379485,1294.1,19.0,38.554232353387526,249.63738770185745,260.5588450770465,271.7820245697117,re_france,FRA,1946
80,1830,France,33.622350330774914,8877.161350111299,8507.798830866888,9257.520627394912,1315.0,19.0,39.11088865183722,253.03997927472682,264.02560388486387,275.33829539933737,re_france,FRA,1898
81,1831,France,33.68744537816257,9513.056329948302,9120.47040467211,9916.605783497773,1406.7,19.0,41.712157650058,270.4354419341754,282.07779629454836,294.0456268107662,re_france,FRA,1926
82,1832,France,33.75254042555023,10148.951309785305,9733.141978477333,10575.690939600632,1498.4,19.0,44.313426648278785,287.8309045936239,300.1299887042329,312.75295822219493,re_france,FRA,2091
83,1833,France,33.81763547293788,10784.846289622308,10345.813552282558,11234.776095703493,1590.1,19.0,46.91469564649957,305.2263672530725,318.1821811139174,331.46028963362374,re_france,FRA,2053
84,1834,France,33.88273052032554,11420.741269459311,10958.48512608778,11893.861251806353,1681.8,19.0,49.515964644720356,322.6218299125211,336.2343735236019,350.16762104505256,re_france,FRA,2056
85,1835,France,33.947825567713195,12056.636249296316,11571.156699893003,12552.946407909214,1773.5,19.0,52.11723364294113,340.0172925719696,354.2865659332864,368.8749524564813,re_france,FRA,2125
86,1836,France,34.01292061510085,12692.53122913332,12183.828273698226,13212.031564012075,1865.2,19.0,54.71850264116192,357.4127552314182,372.33875834297095,387.5822838679101,re_france,FRA,2090
87,1837,France,34.07801566248851,13328.426208970322,12796.499847503448,13871.116720114936,1956.9,19.0,57.3197716393827,374.8082178908668,390.39095075265544,406.28961527933893,re_france,FRA,2118
88,1838,France,34.14311070987616,13964.321188807326,13409.17142130867,14530.201876217796,2048.6,19.0,59.92104063760348,392.2036805503153,408.44314316234,424.9969466907677,re_france,FRA,2211
89,1839,France,34.20820575726382,14600.216168644329,14021.842995113893,15189.287032320655,2140.3,19.0,62.522309635824264,409.59914320976384,426.4953355720245,443.70427810219644,re_france,FRA,2130
90,1840,France,34.27330080465148,15236.111148481332,14634.514568919118,15848.372188423516,2232.0,19.0,65.12357863404505,426.9946058692124,444.547527981709,462.41160951362525,re_france,FRA,2276
91,1841,France,34.33839537820566,15177.483231573071,14579.336831370523,15785.500706608616,2223.1,19.0,64.74735887610743,424.61881318798464,442.0402284021456,459.7495057446665,re_france,FRA,2321
92,1842,France,34.40348995175984,15118.855314664812,14524.15909382193,15722.629224793716,2214.2,19.0,64.37113911816981,422.24302050675686,439.53292882258216,457.0874019757078,re_france,FRA,2260
93,1843,France,34.46858452531402,15060.227397756551,14468.981356273336,15659.757742978816,2205.3,19.0,63.99491936023218,419.8672278255291,437.0256292430188,454.42529820674906,re_france,FRA,2370
94,1844,France,34.533679098868205,15001.599480848292,14413.803618724744,15596.886261163916,2196.4,19.0,63.618699602294555,417.4914351443013,434.5183296634554,451.76319443779033,re_france,FRA,2444
95,1845,France,34.59877367242238,14942.971563940031,14358.625881176149,15534.014779349014,2187.5,19.0,63.242479844356936,415.1156424630735,432.011030083892,449.1010906688316,re_france,FRA,2359
96,1846,France,34.663868245976566,14884.34364703177,14303.448143627555,15471.143297534114,2178.6,19.0,62.86626008641932,412.7398497818457,429.5037305043286,446.4389868998728,re_france,FRA,2356
97,1847,France,34.72896281953075,14825.715730123511,14248.270406078962,15408.271815719214,2169.7,19.0,62.49004032848169,410.3640571006179,426.9964309247652,443.7768831309141,re_france,FRA,2606
98,1848,France,34.794057393084934,14767.08781321525,14193.092668530368,15345.400333904314,2160.8,19.0,62.11382057054407,407.98826441939013,424.4891313452018,441.11477936195536,re_france,FRA,2437
99,1849,France,34.85915196663911,14708.459896306991,14137.914930981775,15282.528852089414,2151.9,19.0,61.737600812606445,405.61247173816236,421.9818317656384,438.4526755929966,re_france,FRA,2506
100,1850,France,34.924246540193295,14649.83197939873,14082.73719343318,15219.657370274514,2143.0,19.0,61.361381054668826,403.2366790569346,419.474532186075,435.7905718240379,re_france,FRA,2546
101,1851,France,34.989347048872204,15108.111841092343,14516.006665708514,15703.401914598926,2208.7,19.0,63.09588299233888,414.67773824095525,431.588904862601,448.5908848392749,re_france,FRA,2499
102,1852,France,35.054447557551114,15566.391702785953,14949.276137983848,16187.146458923338,2274.4,19.0,64.83038493000893,426.1187974249759,443.70327753912693,461.391197854512,re_france,FRA,2652
103,1853,France,35.11954806623002,16024.671564479566,15382.545610259182,16670.89100324775,2340.1,19.0,66.564886867679,437.5598566089966,455.8176502156529,474.191510869749,re_france,FRA,2515
104,1854,France,35.18464857490893,16482.95142617318,15815.815082534515,17154.63554757216,2405.8,19.0,68.29938880534904,449.0009157930173,467.9320228921789,486.99182388498605,re_france,FRA,2627
105,1855,France,35.24974908358784,16941.23128786679,16249.084554809848,17638.380091896575,2471.5,19.0,70.0338907430191,460.441974977038,480.04639556870484,499.79213690022306,re_france,FRA,2577
106,1856,France,35.31484959226675,17399.5111495604,16682.35402708518,18122.124636220986,2537.2,19.0,71.76839268068915,471.8830341610587,492.1607682452308,512.5924499154601,re_france,FRA,2687
107,1857,France,35.379950100945656,17857.791011254012,17115.623499360518,18605.8691805454,2602.9,19.0,73.5028946183592,483.32409334507935,504.2751409217568,525.3927629306971,re_france,FRA,2836
108,1858,France,35.44505060962456,18316.070872947625,17548.89297163585,19089.61372486981,2668.6,19.0,75.23739655602927,494.7651525291001,516.3895135982827,538.1930759459342,re_france,FRA,3029
109,1859,France,35.51015111830347,18774.350734641237,17982.162443911184,19573.35826919422,2734.3,19.0,76.97189849369931,506.20621171312075,528.5038862748088,550.9933889611711,re_france,FRA,2828
110,1860,France,35.57525162698238,19232.63059633485,18415.431916186517,20057.102813518635,2800.0,19.0,78.70640043136937,517.6472708971414,540.6182589513347,563.7937019764082,re_france,FRA,3016
111,1861,France,35.57525162698238,19232.63059633485,18415.431916186517,20057.102813518635,2800.0,19.0,78.70640043136937,517.6472708971414,540.6182589513347,563.7937019764082,re_france,FRA,2820
112,1862,France,35.57525162698238,19232.63059633485,18415.431916186517,20057.102813518635,2800.0,19.0,78.70640043136937,517.6472708971414,540.6182589513347,563.7937019764082,re_france,FRA,3051
113,1863,France,35.57525162698238,19232.63059633485,18415.431916186517,20057.102813518635,2800.0,19.0,78.70640043136937,517.6472708971414,540.6182589513347,563.7937019764082,re_france,FRA,3145
114,1864,France,35.57525162698238,19232.63059633485,18415.431916186517,20057.102813518635,2800.0,19.0,78.70640043136937,517.6472708971414,540.6182589513347,563.7937019764082,re_france,FRA,3169
115,1865,France,35.57525162698238,19232.63059633485,18415.431916186517,20057.102813518635,2800.0,19.0,78.70640043136937,517.6472708971414,540.6182589513347,563.7937019764082,re_france,FRA,3067
116,1866,France,35.57525162698238,19232.63059633485,18415.431916186517,20057.102813518635,2800.0,19.0,78.70640043136937,517.6472708971414,540.6182589513347,563.7937019764082,re_france,FRA,3083
117,1867,France,35.57525162698238,19232.63059633485,18415.431916186517,20057.102813518635,2800.0,19.0,78.70640043136937,517.6472708971414,540.6182589513347,563.7937019764082,re_france,FRA,2890
118,1868,France,35.57525162698238,19232.63059633485,18415.431916186517,20057.102813518635,2800.0,19.0,78.70640043136937,517.6472708971414,540.6182589513347,563.7937019764082,re_france,FRA,3159
119,1869,France,35.57525162698238,19232.63059633485,18415.431916186517,20057.102813518635,2800.0,19.0,78.70640043136937,517.6472708971414,540.6182589513347,563.7937019764082,re_france,FRA,3198
120,1870,France,35.57525162698238,19232.63059633485,18415.431916186517,20057.102813518635,2800.0,19.0,78.70640043136937,517.6472708971414,540.6182589513347,563.7937019764082,re_france,FRA,2990
121,1871,France,35.57525162698238,19232.63059633485,18415.431916186517,20057.102813518635,2800.0,19.0,78.70640043136937,517.6472708971414,540.6182589513347,563.7937019764082,re_france,FRA,3027
122,1872,France,35.57525162698238,19232.63059633485,18415.431916186517,20057.102813518635,2800.0,19.0,78.70640043136937,517.6472708971414,540.6182589513347,563.7937019764082,re_france,FRA,3312
123,1873,France,35.57525162698238,19232.63059633485,18415.431916186517,20057.102813518635,2800.0,19.0,78.70640043136937,517.6472708971414,540.6182589513347,563.7937019764082,re_france,FRA,3064
124,1874,France,35.57525162698238,19232.63059633485,18415.431916186517,20057.102813518635,2800.0,19.0,78.70640043136937,517.6472708971414,540.6182589513347,563.7937019764082,re_france,FRA,3438
125,1875,France,35.57525162698238,19232.63059633485,18415.431916186517,20057.102813518635,2800.0,19.0,78.70640043136937,517.6472708971414,540.6182589513347,563.7937019764082,re_france,FRA,3537
126,1876,France,35.57525162698238,19232.63059633485,18415.431916186517,20057.102813518635,2800.0,19.0,78.70640043136937,517.6472708971414,540.6182589513347,563.7937019764082,re_france,FRA,3233
127,1877,France,35.57525162698238,19232.63059633485,18415.431916186517,20057.102813518635,2800.0,19.0,78.70640043136937,517.6472708971414,540.6182589513347,563.7937019764082,re_france,FRA,3390
128,1878,France,35.57525162698238,19232.63059633485,18415.431916186517,20057.102813518635,2800.0,19.0,78.70640043136937,517.6472708971414,540.6182589513347,563.7937019764082,re_france,FRA,3333
129,1879,France,35.57525162698238,19232.63059633485,18415.431916186517,20057.102813518635,2800.0,19.0,78.70640043136937,517.6472708971414,540.6182589513347,563.7937019764082,re_france,FRA,3113
130,1880,France,35.57525162698238,19232.63059633485,18415.431916186517,20057.102813518635,2800.0,19.0,78.70640043136937,517.6472708971414,540.6182589513347,563.7937019764082,re_france,FRA,3379
131,1810,Italy,23.827646757471207,6616.901223343156,6123.758924614869,7118.99928350636,437.0,19.0,18.340040225037235,257.0022540180033,277.69847734831023,298.7705565709792,re_italy,ITA,2558
132,1811,Italy,23.88295899992757,6759.49631740756,6257.8350632985375,7269.519311961466,447.5,19.0,18.729099781673487,261.918455258525,282.91713831858453,304.26646024779853,re_italy,ITA,2473
133,1812,Italy,23.938271242383934,6902.091411471965,6391.911201982205,7420.039340416572,458.0,19.0,19.118159338309738,266.8346564990467,288.13579928885883,309.7623639246179,re_italy,ITA,2527
134,1813,Italy,23.9935834848403,7044.68650553637,6525.9873406658735,7570.559368871678,468.5,19.0,19.507218894945993,271.75085773956835,293.35446025913313,315.2582676014372,re_italy,ITA,2596
135,1814,Italy,24.048895727296664,7187.281599600775,6660.063479349542,7721.079397326784,479.0,19.0,19.896278451582244,276.66705898009,298.57312122940743,320.75417127825654,re_italy,ITA,2627
136,1815,Italy,24.104207969753027,7329.876693665179,6794.13961803321,7871.599425781889,489.5,19.0,20.285338008218496,281.5832602206117,303.79178219968173,326.2500749550759,re_italy,ITA,2511
137,1816,Italy,24.15952021220939,7472.471787729584,6928.215756716878,8022.119454236995,500.0,19.0,20.674397564854747,286.4994614611334,309.0104431699561,331.74597863189524,re_italy,ITA,2473
138,1817,Italy,24.214832454665753,7615.066881793989,7062.291895400546,8172.6394826921005,510.5,19.0,21.063457121491,291.4156627016551,314.2291041402304,337.2418823087146,re_italy,ITA,2496
139,1818,Italy,24.27014469712212,7757.661975858393,7196.368034084215,8323.159511147207,521.0,19.0,21.452516678127253,296.33186394217677,319.4477651105047,342.7377859855339,re_italy,ITA,2688
140,1819,Italy,24.325456939578483,7900.257069922798,7330.444172767882,8473.679539602312,531.5,19.0,21.841576234763505,301.24806518269844,324.666426080779,348.23368966235324,re_italy,ITA,2665
141,1820,Italy,24.380769182034847,8042.852163987202,7464.520311451551,8624.199568057418,542.0,19.0,22.230635791399756,306.1642664232201,329.8850870510533,353.7295933391726,re_italy,ITA,2665
142,1821,Italy,24.436131774796007,8002.189273540116,7428.959391039666,8578.23815169112,540.2,19.0,22.10908699814395,304.0583012381422,327.52183805622695,351.1009029898908,re_italy,ITA,2619
143,1822,Italy,24.49149436755717,7961.526383093029,7393.3984706277815,8532.27673532482,538.4,19.0,21.987538204888146,301.95233605306424,325.1585890614007,348.472212640609,re_italy,ITA,2650
144,1823,Italy,24.54685696031833,7920.863492645943,7357.837550215897,8486.315318958521,536.6,19.0,21.86598941163234,299.8463708679863,322.79534006657434,345.8435222913272,re_italy,ITA,2673
145,1824,Italy,24.602219553079493,7880.200602198856,7322.276629804012,8440.353902592222,534.8,19.0,21.744440618376537,297.7404056829084,320.432091071748,343.2148319420454,re_italy,ITA,2742
146,1825,Italy,24.657582145840653,7839.537711751769,7286.715709392128,8394.392486225923,533.0,19.0,21.622891825120732,295.6344404978304,318.06884207692167,340.5861415927636,re_italy,ITA,2703
147,1826,Italy,24.712944738601813,7798.874821304683,7251.154788980243,8348.431069859624,531.2,19.0,21.50134303186493,293.52847531275245,315.7055930820954,337.9574512434818,re_italy,ITA,2780
148,1827,Italy,24.768307331362976,7758.211930857597,7215.593868568359,8302.469653493325,529.4,19.0,21.379794238609126,291.4225101276745,313.34234408726905,335.3287608942,re_italy,ITA,2734
149,1828,Italy,24.823669924124136,7717.54904041051,7180.032948156474,8256.508237127025,527.6,19.0,21.25824544535332,289.3165449425966,310.9790950924427,332.7000705449182,re_italy,ITA,2703
150,1829,Italy,24.8790325168853,7676.886149963423,7144.4720277445895,8210.546820760726,525.8,19.0,21.136696652097516,287.21057975751864,308.61584609761644,330.0713801956364,re_italy,ITA,2696
151,1830,Italy,24.93439510964646,7636.223259516337,7108.911107332705,8164.585404394426,524.0,19.0,21.01514785884171,285.1046145724407,306.2525971027901,327.4426898463546,re_italy,ITA,2657
152,1831,Italy,24.98983556627683,8409.622143132747,7830.445405582861,8990.525197133229,576.7,19.0,23.037012805866915,312.792382423538,335.92916521919733,359.1345007893244,re_italy,ITA,2750
153,1832,Italy,25.045276022907203,9183.021026749157,8551.979703833016,9816.46498987203,629.4,19.0,25.058877752892116,340.4801502746354,365.60573333560455,390.82631173229424,re_italy,ITA,2773
154,1833,Italy,25.100716479537578,9956.419910365566,9273.514002083171,10642.404782610833,682.1,19.0,27.08074269991732,368.1679181257327,395.2823014520118,422.51812267526407,re_italy,ITA,2788
155,1834,Italy,25.15615693616795,10729.818793981978,9995.048300333328,11468.344575349636,734.8,19.0,29.102607646942523,395.85568597683005,424.958869568419,454.20993361823383,re_italy,ITA,2811
156,1835,Italy,25.21159739279832,11503.217677598388,10716.582598583485,12294.28436808844,787.5,19.0,31.124472593967727,423.54345382792735,454.63543768482623,485.90174456120366,re_italy,ITA,2888
157,1836,Italy,25.267037849428693,12276.616561214798,11438.116896833639,13120.224160827242,840.2,19.0,33.14633754099293,451.23122167902466,484.31200580123345,517.5935555041735,re_italy,ITA,2680
158,1837,Italy,25.322478306059065,13050.01544483121,12159.651195083796,13946.163953566043,892.9000000000001,19.0,35.16820248801813,478.91898953012196,513.9885739176407,549.2853664471432,re_italy,ITA,2611
159,1838,Italy,25.37791876268944,13823.41432844762,12881.185493333953,14772.103746304845,945.6,19.0,37.19006743504333,506.6067573812193,543.6651420340479,580.9771773901131,re_italy,ITA,2650
160,1839,Italy,25.43335921931981,14596.81321206403,13602.719791584108,15598.043539043649,998.3,19.0,39.21193238206854,534.2945252323167,573.3417101504551,612.6689883330829,re_italy,ITA,2627
161,1840,Italy,25.488799675950183,15370.21209568044,14324.254089834263,16423.983331782452,1051.0,19.0,41.23379732909374,561.982293083414,603.0182782668624,644.3607992760527,re_italy,ITA,2711
162,1841,Italy,25.544337831930026,15205.532184129008,14166.43536923248,16252.201440034984,1040.8,19.0,40.75422575206292,554.7242349727795,595.4092682943584,636.3909383521836,re_italy,ITA,2765
163,1842,Italy,25.59987598790987,15040.852272577578,14008.616648630696,16080.419548287515,1030.6,19.0,40.274654175032104,547.4661768621451,587.8002583218545,628.4210774283144,re_italy,ITA,2788
164,1843,Italy,25.655414143889708,14876.172361026147,13850.797928028913,15908.637656540046,1020.4,19.0,39.79508259800129,540.2081187515106,580.1912483493505,620.4512165044454,re_italy,ITA,2650
165,1844,Italy,25.71095229986955,14711.492449474716,13692.97920742713,15736.855764792577,1010.2,19.0,39.31551102097047,532.9500606408761,572.5822383768466,612.4813555805763,re_italy,ITA,2650
166,1845,Italy,25.766490455849393,14546.812537923284,13535.160486825345,15565.073873045108,1000.0,19.0,38.83593944393965,525.6920025302416,564.9732284043425,604.5114946567071,re_italy,ITA,2673
167,1846,Italy,25.822028611829236,14382.132626371855,13377.341766223562,15393.29198129764,989.8,19.0,38.356367866908826,518.4339444196071,557.3642184318386,596.541633732838,re_italy,ITA,2650
168,1847,Italy,25.87756676780908,14217.452714820423,13219.52304562178,15221.510089550171,979.6,19.0,37.87679628987801,511.1758863089727,549.7552084593347,588.571772808969,re_italy,ITA,2588
169,1848,Italy,25.933104923788918,14052.772803268992,13061.704325019997,15049.728197802702,969.4,19.0,37.39722471284719,503.91782819833816,542.1461984868307,580.6019118850999,re_italy,ITA,2657
170,1849,Italy,25.98864307976876,13888.092891717562,12903.885604418212,14877.946306055233,959.2,19.0,36.91765313581637,496.6597700877037,534.5371885143268,572.6320509612307,re_italy,ITA,2642
171,1850,Italy,26.044181235748603,13723.412980166131,12746.06688381643,14706.164414307765,949.0,19.0,36.438081558785555,489.4017119770692,526.9281785418228,564.6621900373616,re_italy,ITA,2611
172,1851,Italy,26.09983083802602,14124.20729743689,13103.227100269885,15149.652251578123,976.9,19.0,37.4106972182313,501.80459941567153,540.8928971877409,580.1529464180722,re_italy,ITA,2611
173,1852,Italy,26.155480440303435,14525.00161470765,13460.387316723341,15593.140088848484,1004.8,19.0,38.38331287767704,514.2074868542738,554.8576158336591,595.6437027987828,re_italy,ITA,2573
174,1853,Italy,26.21113004258085,14925.79593197841,13817.547533176798,16036.627926118843,1032.7,19.0,39.355928537122786,526.6103742928761,568.8223344795772,611.1344591794934,re_italy,ITA,2519
175,1854,Italy,26.266779644858268,15326.590249249168,14174.707749630254,16480.115763389203,1060.6,19.0,40.32854419656853,539.0132617314785,582.7870531254954,626.6252155602041,re_italy,ITA,2350
176,1855,Italy,26.322429247135688,15727.384566519926,14531.867966083712,16923.60360065956,1088.5,19.0,41.30115985601427,551.4161491700806,596.7517717714135,642.1159719409147,re_italy,ITA,2373
177,1856,Italy,26.378078849413104,16128.178883790686,14889.028182537168,17367.09143792992,1116.4,19.0,42.27377551546002,563.8190366086831,610.7164904173317,657.6067283216253,re_italy,ITA,2381
178,1857,Italy,26.43372845169052,16528.973201061446,15246.188398990624,17810.57927520028,1144.3,19.0,43.24639117490576,576.2219240472853,624.6812090632498,673.0974847023359,re_italy,ITA,2573
179,1858,Italy,26.489378053967936,16929.767518332206,15603.34861544408,18254.067112470642,1172.2,19.0,44.219006834351504,588.6248114858876,638.6459277091678,688.5882410830466,re_italy,ITA,2673
180,1859,Italy,26.545027656245352,17330.561835602963,15960.508831897536,18697.554949741,1200.1,19.0,45.19162249379725,601.0276989244899,652.610646355086,704.0789974637571,re_italy,ITA,2588
181,1860,Italy,26.60067725852277,17731.356152873723,16317.669048350992,19141.04278701136,1228.0,19.0,46.16423815324299,613.4305863630922,666.5753650010041,719.5697538444678,re_italy,ITA,2573
182,1861,Italy,26.60067725852277,17731.356152873723,16317.669048350992,19141.04278701136,1228.0,19.0,46.16423815324299,613.4305863630922,666.5753650010041,719.5697538444678,re_italy,ITA,2558
183,1862,Italy,26.60067725852277,17731.356152873723,16317.669048350992,19141.04278701136,1228.0,19.0,46.16423815324299,613.4305863630922,666.5753650010041,719.5697538444678,re_italy,ITA,2634
184,1863,Italy,26.60067725852277,17731.356152873723,16317.669048350992,19141.04278701136,1228.0,19.0,46.16423815324299,613.4305863630922,666.5753650010041,719.5697538444678,re_italy,ITA,2688
185,1864,Italy,26.60067725852277,17731.356152873723,16317.669048350992,19141.04278701136,1228.0,19.0,46.16423815324299,613.4305863630922,666.5753650010041,719.5697538444678,re_italy,ITA,2642
186,1865,Italy,26.60067725852277,17731.356152873723,16317.669048350992,19141.04278701136,1228.0,19.0,46.16423815324299,613.4305863630922,666.5753650010041,719.5697538444678,re_italy,ITA,2780
187,1866,Italy,26.60067725852277,17731.356152873723,16317.669048350992,19141.04278701136,1228.0,19.0,46.16423815324299,613.4305863630922,666.5753650010041,719.5697538444678,re_italy,ITA,2588
188,1867,Italy,26.60067725852277,17731.356152873723,16317.669048350992,19141.04278701136,1228.0,19.0,46.16423815324299,613.4305863630922,666.5753650010041,719.5697538444678,re_italy,ITA,2611
189,1868,Italy,26.60067725852277,17731.356152873723,16317.669048350992,19141.04278701136,1228.0,19.0,46.16423815324299,613.4305863630922,666.5753650010041,719.5697538444678,re_italy,ITA,2627
190,1869,Italy,26.60067725852277,17731.356152873723,16317.669048350992,19141.04278701136,1228.0,19.0,46.16423815324299,613.4305863630922,666.5753650010041,719.5697538444678,re_italy,ITA,2696
191,1870,Italy,26.60067725852277,17731.356152873723,16317.669048350992,19141.04278701136,1228.0,19.0,46.16423815324299,613.4305863630922,666.5753650010041,719.5697538444678,re_italy,ITA,2826
192,1871,Italy,26.60067725852277,17731.356152873723,16317.669048350992,19141.04278701136,1228.0,19.0,46.16423815324299,613.4305863630922,666.5753650010041,719.5697538444678,re_italy,ITA,2811
193,1872,Italy,26.60067725852277,17731.356152873723,16317.669048350992,19141.04278701136,1228.0,19.0,46.16423815324299,613.4305863630922,666.5753650010041,719.5697538444678,re_italy,ITA,2593
194,1873,Italy,26.60067725852277,17731.356152873723,16317.669048350992,19141.04278701136,1228.0,19.0,46.16423815324299,613.4305863630922,666.5753650010041,719.5697538444678,re_italy,ITA,2581
195,1874,Italy,26.60067725852277,17731.356152873723,16317.669048350992,19141.04278701136,1228.0,19.0,46.16423815324299,613.4305863630922,666.5753650010041,719.5697538444678,re_italy,ITA,2715
196,1875,Italy,26.60067725852277,17731.356152873723,16317.669048350992,19141.04278701136,1228.0,19.0,46.16423815324299,613.4305863630922,666.5753650010041,719.5697538444678,re_italy,ITA,2727
197,1876,Italy,26.60067725852277,17731.356152873723,16317.669048350992,19141.04278701136,1228.0,19.0,46.16423815324299,613.4305863630922,666.5753650010041,719.5697538444678,re_italy,ITA,2662
198,1877,Italy,26.60067725852277,17731.356152873723,16317.669048350992,19141.04278701136,1228.0,19.0,46.16423815324299,613.4305863630922,666.5753650010041,719.5697538444678,re_italy,ITA,2678
199,1878,Italy,26.60067725852277,17731.356152873723,16317.669048350992,19141.04278701136,1228.0,19.0,46.16423815324299,613.4305863630922,666.5753650010041,719.5697538444678,re_italy,ITA,2745
200,1879,Italy,26.60067725852277,17731.356152873723,16317.669048350992,19141.04278701136,1228.0,19.0,46.16423815324299,613.4305863630922,666.5753650010041,719.5697538444678,re_italy,ITA,2753
201,1880,Italy,26.60067725852277,17731.356152873723,16317.669048350992,19141.04278701136,1228.0,19.0,46.16423815324299,613.4305863630922,666.5753650010041,719.5697538444678,re_italy,ITA,2796
202,1815,Low countries,4.949843344305359,2070.403784577327,1917.346578913279,2227.7823616023525,289.5,19.0,58.40271933740824,386.645663685735,417.519585047694,449.2629362482585,re_low_countries,NLD,3011
203,1816,Low countries,4.958812631598019,2156.8677084712735,1998.321069355567,2320.1371047692624,299.2,19.0,60.25654956865124,402.30404901491886,434.23103731628106,467.1069706303508,re_low_countries,NLD,2869
204,1817,Low countries,4.967781918890679,2243.3316323652207,2079.2955597978553,2412.4918479361722,308.9,19.0,62.11037979989423,417.9624343441028,450.9424895848681,484.9510050124431,re_low_countries,NLD,2898
205,1818,Low countries,4.976751206183338,2329.795556259168,2160.270050240143,2504.846591103082,318.6,19.0,63.964210031137235,433.6208196732867,467.6539418534551,502.79503939453537,re_low_countries,NLD,2942
206,1819,Low countries,4.9857204934759976,2416.2594801531145,2241.244540682431,2597.201334269992,328.3,19.0,65.81804026238024,449.2792050024706,484.3653941220422,520.6390737766276,re_low_countries,NLD,2807
207,1820,Low countries,4.994689780768657,2502.7234040470616,2322.219031124719,2689.556077436902,338.0,19.0,67.67187049362323,464.9375903316545,501.07684639062916,538.4831081587199,re_low_countries,NLD,3006
208,1821,Low countries,5.003657607663237,2534.9486701960695,2353.3559161886164,2723.2974791132356,342.3,19.0,68.398240092297,470.24157402703923,506.5311517159985,544.1696316546606,re_low_countries,NLD,2947
209,1822,Low countries,5.012625434557815,2567.173936345078,2384.492801252514,2757.0388807895697,346.6,19.0,69.12460969097076,475.5455577224239,511.9854570413678,549.8561551506014,re_low_countries,NLD,2974
210,1823,Low countries,5.021593261452395,2599.399202494086,2415.629686316411,2790.7802824659034,350.9,19.0,69.85097928964453,480.8495414178086,517.4397623667371,555.542678646542,re_low_countries,NLD,3121
211,1824,Low countries,5.030561088346974,2631.624468643094,2446.7665713803085,2824.521684142237,355.2,19.0,70.5773488883183,486.15352511319327,522.8940676921064,561.2292021424827,re_low_countries,NLD,3100
212,1825,Low countries,5.039528915241553,2663.849734792102,2477.9034564442063,2858.263085818571,359.5,19.0,71.30371848699207,491.457508808578,528.3483730174758,566.9157256384234,re_low_countries,NLD,3022
213,1826,Low countries,5.048496742136133,2696.07500094111,2509.0403415081037,2892.004487494905,363.8,19.0,72.03008808566582,496.7614925039627,533.8026783428452,572.6022491343641,re_low_countries,NLD,3068
214,1827,Low countries,5.057464569030712,2728.3002670901183,2540.177226572001,2925.7458891712386,368.1,19.0,72.7564576843396,502.06547619934736,539.2569836682145,578.2887726303048,re_low_countries,NLD,3250
215,1828,Low countries,5.0664323959252915,2760.525533239126,2571.3141116358984,2959.4872908475722,372.4,19.0,73.48282728301336,507.3694598947321,544.7112889935838,583.9752961262454,re_low_countries,NLD,3319
216,1829,Low countries,5.07540022281987,2792.7507993881345,2602.4509966997957,2993.2286925239064,376.7,19.0,74.20919688168712,512.6734435901168,550.1655943189531,589.6618196221862,re_low_countries,NLD,3325
217,1830,Low countries,5.08436804971445,2824.9760655371424,2633.587881763693,3026.97009420024,381.0,19.0,74.93556648036089,517.9774272855014,555.6198996443225,595.3483431181269,re_low_countries,NLD,3038
218,1831,Low countries,5.093334582343412,3175.101415905309,2961.151671105508,3399.838648974981,422.7,19.0,82.86518053897183,580.3889550766858,622.32672994994,666.3819677049128,re_low_countries,NLD,3264
219,1832,Low countries,5.1023011149723745,3525.2267662734757,3288.7154604473226,3772.7072037497214,464.4,19.0,90.79479459758275,642.8004828678701,689.0335602555575,737.4155922916985,re_low_countries,NLD,3417
220,1833,Low countries,5.111267647601337,3875.352116641642,3616.2792497891373,4145.575758524463,506.1,19.0,98.72440865619369,705.2120106590544,755.7403905611751,808.4492168784844,re_low_countries,NLD,3341
221,1834,Low countries,5.120234180230299,4225.477467009809,3943.843039130952,4518.444313299203,547.8,19.0,106.65402271480463,767.6235384502388,822.4472208667926,879.4828414652702,re_low_countries,NLD,3370
222,1835,Low countries,5.1292007128592605,4575.602817377975,4271.406828472767,4891.312868073944,589.5,19.0,114.58363677341555,830.035066241423,889.1540511724102,950.5164660520561,re_low_countries,NLD,3360
223,1836,Low countries,5.138167245488223,4925.7281677461415,4598.970617814582,5264.181422848685,631.2,19.0,122.51325083202649,892.4465940326074,955.8608814780277,1021.550090638842,re_low_countries,NLD,3472
224,1837,Low countries,5.147133778117185,5275.853518114309,4926.534407156396,5637.049977623425,672.9000000000001,19.0,130.44286489063742,954.8581218237917,1022.5677117836453,1092.5837152256279,re_low_countries,NLD,3553
225,1838,Low countries,5.156100310746147,5625.978868482474,5254.098196498211,6009.918532398166,714.6,19.0,138.37247894924835,1017.2696496149761,1089.274542089263,1163.6173398124138,re_low_countries,NLD,3590
226,1839,Low countries,5.16506684337511,5976.104218850642,5581.661985840026,6382.7870871729065,756.3,19.0,146.3020930078593,1079.6811774061603,1155.9813723948805,1234.6509643991994,re_low_countries,NLD,3588
227,1840,Low countries,5.174033376004072,6326.229569218808,5909.225775181841,6755.655641947647,798.0,19.0,154.23170706647022,1142.0927051973447,1222.6882027004979,1305.6845889859853,re_low_countries,NLD,3623
228,1841,Low countries,5.182998760185926,6393.93840582564,5971.668327519653,6830.023413367422,802.3,19.0,154.78592949124658,1152.0103257367389,1233.469042212173,1317.5891351465207,re_low_countries,NLD,3658
229,1842,Low countries,5.19196414436778,6461.647242432472,6034.110879857465,6904.391184787198,806.6,19.0,155.3401519160229,1161.9279462761333,1244.2498817238481,1329.493681307056,re_low_countries,NLD,3569
230,1843,Low countries,5.200929528549635,6529.356079039305,6096.553432195277,6978.7589562069725,810.9,19.0,155.89437434079923,1171.8455668155275,1255.030721235523,1341.3982274675914,re_low_countries,NLD,3507
231,1844,Low countries,5.209894912731489,6597.064915646137,6158.9959845330895,7053.126727626747,815.2,19.0,156.4485967655756,1181.763187354922,1265.8115607471982,1353.3027736281267,re_low_countries,NLD,3540
232,1845,Low countries,5.218860296913343,6664.773752252969,6221.438536870902,7127.494499046523,819.5,19.0,157.00281919035194,1191.680807894316,1276.5924002588733,1365.207319788662,re_low_countries,NLD,3515
233,1846,Low countries,5.227825681095198,6732.482588859801,6283.881089208714,7201.862270466298,823.8,19.0,157.55704161512827,1201.5984284337103,1287.3732397705485,1377.1118659491974,re_low_countries,NLD,3521
234,1847,Low countries,5.236791065277052,6800.191425466633,6346.323641546526,7276.230041886072,828.1,19.0,158.1112640399046,1211.5160489731047,1298.1540792822236,1389.0164121097328,re_low_countries,NLD,3545
235,1848,Low countries,5.245756449458907,6867.9002620734655,6408.7661938843385,7350.597813305847,832.4,19.0,158.66548646468095,1221.433669512499,1308.9349187938985,1400.920958270268,re_low_countries,NLD,3602
236,1849,Low countries,5.254721833640761,6935.609098680297,6471.208746222151,7424.965584725623,836.7,19.0,159.2197088894573,1231.3512900518933,1319.7157583055737,1412.8255044308034,re_low_countries,NLD,3709
237,1850,Low countries,5.263687217822615,7003.317935287129,6533.651298559963,7499.333356145397,841.0,19.0,159.77393131423364,1241.2689105912875,1330.4965978172488,1424.7300505913388,re_low_countries,NLD,3779
238,1851,Low countries,5.272651581453237,7309.533812209888,6811.011794885543,7833.296538637341,869.0,19.0,164.73677203993142,1291.0011833952963,1385.4696285582208,1484.7284689583344,re_low_countries,NLD,3834
239,1852,Low countries,5.2816159450838605,7615.749689132647,7088.372291211123,8167.259721129285,897.0,19.0,169.69961276562918,1340.7334561993052,1440.4426592991929,1544.7268873253297,re_low_countries,NLD,3790
240,1853,Low countries,5.290580308714483,7921.965566055406,7365.732787536704,8501.222903621228,925.0,19.0,174.66245349132697,1390.4657290033142,1495.415690040165,1604.7253056923253,re_low_countries,NLD,3704
241,1854,Low countries,5.299544672345106,8228.181442978164,7643.093283862285,8835.186086113172,953.0,19.0,179.62529421702476,1440.198001807323,1550.388720781137,1664.7237240593208,re_low_countries,NLD,3931
242,1855,Low countries,5.308509035975728,8534.397319900923,7920.453780187865,9169.149268605115,981.0,19.0,184.58813494272255,1489.9302746113317,1605.361751522109,1724.7221424263162,re_low_countries,NLD,3824
243,1856,Low countries,5.31747339960635,8840.613196823682,8197.814276513445,9503.112451097059,1009.0,19.0,189.5509756684203,1539.6625474153407,1660.334782263081,1784.7205607933117,re_low_countries,NLD,3977
244,1857,Low countries,5.3264377632369735,9146.829073746441,8475.174772839026,9837.075633589004,1037.0,19.0,194.5138163941181,1589.3948202193496,1715.307813004053,1844.7189791603073,re_low_countries,NLD,3907
245,1858,Low countries,5.335402126867596,9453.0449506692,8752.535269164606,10171.038816080947,1065.0,19.0,199.47665711981585,1639.1270930233584,1770.280843745025,1904.7173975273026,re_low_countries,NLD,3800
246,1859,Low countries,5.344366490498219,9759.26082759196,9029.895765490186,10505.00199857289,1093.0,19.0,204.43949784551364,1688.8593658273671,1825.2538744859971,1964.7158158942982,re_low_countries,NLD,3665
247,1860,Low countries,5.353330854128841,10065.476704514718,9307.256261815766,10838.965181064834,1121.0,19.0,209.40233857121143,1738.591638631376,1880.2269052269692,2024.7142342612938,re_low_countries,NLD,3840
248,1861,Low countries,5.353330854128841,10065.476704514718,9307.256261815766,10838.965181064834,1121.0,19.0,209.40233857121143,1738.591638631376,1880.2269052269692,2024.7142342612938,re_low_countries,NLD,3735
249,1862,Low countries,5.353330854128841,10065.476704514718,9307.256261815766,10838.965181064834,1121.0,19.0,209.40233857121143,1738.591638631376,1880.2269052269692,2024.7142342612938,re_low_countries,NLD,3881
250,1863,Low countries,5.353330854128841,10065.476704514718,9307.256261815766,10838.965181064834,1121.0,19.0,209.40233857121143,1738.591638631376,1880.2269052269692,2024.7142342612938,re_low_countries,NLD,3953
251,1864,Low countries,5.353330854128841,10065.476704514718,9307.256261815766,10838.965181064834,1121.0,19.0,209.40233857121143,1738.591638631376,1880.2269052269692,2024.7142342612938,re_low_countries,NLD,4111
252,1865,Low countries,5.353330854128841,10065.476704514718,9307.256261815766,10838.965181064834,1121.0,19.0,209.40233857121143,1738.591638631376,1880.2269052269692,2024.7142342612938,re_low_countries,NLD,4117
253,1866,Low countries,5.353330854128841,10065.476704514718,9307.256261815766,10838.965181064834,1121.0,19.0,209.40233857121143,1738.591638631376,1880.2269052269692,2024.7142342612938,re_low_countries,NLD,4272
254,1867,Low countries,5.353330854128841,10065.476704514718,9307.256261815766,10838.965181064834,1121.0,19.0,209.40233857121143,1738.591638631376,1880.2269052269692,2024.7142342612938,re_low_countries,NLD,4127
255,1868,Low countries,5.353330854128841,10065.476704514718,9307.256261815766,10838.965181064834,1121.0,19.0,209.40233857121143,1738.591638631376,1880.2269052269692,2024.7142342612938,re_low_countries,NLD,4152
256,1869,Low countries,5.353330854128841,10065.476704514718,9307.256261815766,10838.965181064834,1121.0,19.0,209.40233857121143,1738.591638631376,1880.2269052269692,2024.7142342612938,re_low_countries,NLD,4286
257,1870,Low countries,5.353330854128841,10065.476704514718,9307.256261815766,10838.965181064834,1121.0,19.0,209.40233857121143,1738.591638631376,1880.2269052269692,2024.7142342612938,re_low_countries,NLD,4422
258,1871,Low countries,5.353330854128841,10065.476704514718,9307.256261815766,10838.965181064834,1121.0,19.0,209.40233857121143,1738.591638631376,1880.2269052269692,2024.7142342612938,re_low_countries,NLD,4364
259,1872,Low countries,5.353330854128841,10065.476704514718,9307.256261815766,10838.965181064834,1121.0,19.0,209.40233857121143,1738.591638631376,1880.2269052269692,2024.7142342612938,re_low_countries,NLD,4414
260,1873,Low countries,5.353330854128841,10065.476704514718,9307.256261815766,10838.965181064834,1121.0,19.0,209.40233857121143,1738.591638631376,1880.2269052269692,2024.7142342612938,re_low_countries,NLD,4503
261,1874,Low countries,5.353330854128841,10065.476704514718,9307.256261815766,10838.965181064834,1121.0,19.0,209.40233857121143,1738.591638631376,1880.2269052269692,2024.7142342612938,re_low_countries,NLD,4337
262,1875,Low countries,5.353330854128841,10065.476704514718,9307.256261815766,10838.965181064834,1121.0,19.0,209.40233857121143,1738.591638631376,1880.2269052269692,2024.7142342612938,re_low_countries,NLD,4584
263,1876,Low countries,5.353330854128841,10065.476704514718,9307.256261815766,10838.965181064834,1121.0,19.0,209.40233857121143,1738.591638631376,1880.2269052269692,2024.7142342612938,re_low_countries,NLD,4595
264,1877,Low countries,5.353330854128841,10065.476704514718,9307.256261815766,10838.965181064834,1121.0,19.0,209.40233857121143,1738.591638631376,1880.2269052269692,2024.7142342612938,re_low_countries,NLD,4651
265,1878,Low countries,5.353330854128841,10065.476704514718,9307.256261815766,10838.965181064834,1121.0,19.0,209.40233857121143,1738.591638631376,1880.2269052269692,2024.7142342612938,re_low_countries,NLD,4637
266,1879,Low countries,5.353330854128841,10065.476704514718,9307.256261815766,10838.965181064834,1121.0,19.0,209.40233857121143,1738.591638631376,1880.2269052269692,2024.7142342612938,re_low_countries,NLD,4414
267,1880,Low countries,5.353330854128841,10065.476704514718,9307.256261815766,10838.965181064834,1121.0,19.0,209.40233857121143,1738.591638631376,1880.2269052269692,2024.7142342612938,re_low_countries,NLD,4666
268,1810,Nordic countries,2.3590000000100417,3377.009653804409,3063.630578027958,3703.452618907623,286.0,19.0,121.23781263195531,1298.6988461275612,1431.5428799449062,1569.9248066519112,re_nordic_countries,SWE,1320
269,1811,Nordic countries,2.361900000007245,3504.2151787399475,3181.753350226542,3839.4711118158275,297.5,19.0,125.90632617625599,1346.5868467763482,1483.0730518831913,1624.977449438465,re_nordic_countries,SWE,1417
270,1812,Nordic countries,2.364800000004449,3631.4207036754856,3299.8761224251257,3975.489604724032,309.0,19.0,130.57483972055667,1394.4748474251355,1534.6032238214764,1680.030092225019,re_nordic_countries,SWE,1328
271,1813,Nordic countries,2.3677000000016526,3758.626228611024,3417.9988946237095,4111.508097632236,320.5,19.0,135.24335326485735,1442.3628480739226,1586.1333957597612,1735.0827350115728,re_nordic_countries,SWE,1352
272,1814,Nordic countries,2.3705999999988565,3885.831753546562,3536.1216668222933,4247.52659054044,332.0,19.0,139.91186680915803,1490.2508487227099,1637.6635676980463,1790.1353777981265,re_nordic_countries,SWE,1363
273,1815,Nordic countries,2.37349999999606,4013.0372784821006,3654.244439020877,4383.5450834486455,343.5,19.0,144.58038035345868,1538.138849371497,1689.1937396363314,1845.1880205846803,re_nordic_countries,SWE,1411
274,1816,Nordic countries,2.3763999999932635,4140.242803417639,3772.367211219461,4519.56357635685,355.0,19.0,149.2488938977594,1586.0268500202842,1740.7239115746165,1900.2406633712342,re_nordic_countries,SWE,1438
275,1817,Nordic countries,2.3792999999904674,4267.448328353177,3890.4899834180446,4655.582069265054,366.5,19.0,153.91740744206004,1633.9148506690713,1792.2540835129016,1955.293306157788,re_nordic_countries,SWE,1396
276,1818,Nordic countries,2.382199999987671,4394.653853288715,4008.6127556166284,4791.600562173258,378.0,19.0,158.58592098636072,1681.8028513178583,1843.7842554511867,2010.3459489443417,re_nordic_countries,SWE,1407
277,1819,Nordic countries,2.3850999999848748,4521.859378224254,4126.735527815212,4927.619055081463,389.5,19.0,163.2544345306614,1729.6908519666456,1895.3144273894716,2065.3985917308955,re_nordic_countries,SWE,1395
278,1820,Nordic countries,2.3879999999820782,4649.064903159792,4244.858300013796,5063.637547989667,401.0,19.0,167.92294807496208,1777.5788526154327,1946.8445993277567,2120.4512345174494,re_nordic_countries,SWE,1415
279,1821,Nordic countries,2.3908999999826017,4639.067227895606,4237.731558677223,5050.327181115705,400.6,19.0,167.5559739129803,1772.4974624581496,1940.3723094629088,2112.4000655247833,re_nordic_countries,SWE,1457
280,1822,Nordic countries,2.3937999999831248,4629.06955263142,4230.604817340649,5037.016814241743,400.2,19.0,167.18899975099856,1767.4160723008667,1933.9000195980607,2104.3488965321167,re_nordic_countries,SWE,1465
281,1823,Nordic countries,2.3966999999836482,4619.071877367234,4223.478076004076,5023.706447367781,399.8,19.0,166.8220255890168,1762.334682143584,1927.4277297332128,2096.2977275394505,re_nordic_countries,SWE,1449
282,1824,Nordic countries,2.3995999999841717,4609.074202103048,4216.351334667503,5010.396080493819,399.4,19.0,166.45505142703502,1757.2532919863008,1920.9554398683647,2088.246558546784,re_nordic_countries,SWE,1487
283,1825,Nordic countries,2.4024999999846948,4599.076526838862,4209.22459333093,4997.085713619857,399.0,19.0,166.08807726505324,1752.1719018290178,1914.4831500035168,2080.195389554118,re_nordic_countries,SWE,1527
284,1826,Nordic countries,2.4053999999852183,4589.078851574675,4202.097851994356,4983.775346745895,398.6,19.0,165.7211031030715,1747.090511671735,1908.010860138669,2072.1442205614517,re_nordic_countries,SWE,1532
285,1827,Nordic countries,2.4082999999857417,4579.081176310489,4194.971110657782,4970.464979871933,398.2,19.0,165.35412894108973,1742.009121514452,1901.5385702738208,2064.093051568785,re_nordic_countries,SWE,1458
286,1828,Nordic countries,2.411199999986265,4569.083501046303,4187.844369321209,4957.154612997971,397.8,19.0,164.98715477910795,1736.927731357169,1895.066280408973,2056.041882576119,re_nordic_countries,SWE,1486
287,1829,Nordic countries,2.4140999999867883,4559.085825782117,4180.717627984635,4943.844246124009,397.4,19.0,164.6201806171262,1731.846341199886,1888.5939905441248,2047.9907135834526,re_nordic_countries,SWE,1506
288,1830,Nordic countries,2.4169999999873117,4549.088150517931,4173.590886648062,4930.533879250047,397.0,19.0,164.25320645514444,1726.7649510426031,1882.121700679277,2039.9395445907862,re_nordic_countries,SWE,1468
289,1831,Nordic countries,2.4198999999885555,4771.788618259432,4380.653129453842,5169.43786062229,417.6,19.0,172.48037967717136,1809.371093497889,1970.9370378858232,2135.192266050482,re_nordic_countries,SWE,1497
290,1832,Nordic countries,2.4227999999897993,4994.489086000933,4587.715372259622,5408.341841994533,438.2,19.0,180.70755289919828,1891.977235953175,2059.752375092369,2230.444987510178,re_nordic_countries,SWE,1457
291,1833,Nordic countries,2.425699999991043,5217.189553742433,4794.777615065403,5647.245823366775,458.8,19.0,188.9347261212252,1974.583378408461,2148.5677122989155,2325.697708969874,re_nordic_countries,SWE,1503
292,1834,Nordic countries,2.428599999992287,5439.890021483934,5001.839857871182,5886.149804739018,479.4,19.0,197.16189934325212,2057.189520863747,2237.3830495054617,2420.9504304295697,re_nordic_countries,SWE,1522
293,1835,Nordic countries,2.4314999999935303,5662.590489225435,5208.902100676962,6125.053786111261,500.0,19.0,205.38907256527904,2139.795663319033,2326.198386712008,2516.2031518892654,re_nordic_countries,SWE,1517
294,1836,Nordic countries,2.434399999994774,5885.2909569669355,5415.964343482742,6363.957767483504,520.6,19.0,213.61624578730599,2222.4018057743187,2415.013723918554,2611.4558733489616,re_nordic_countries,SWE,1565
295,1837,Nordic countries,2.437299999996018,6107.991424708435,5623.026586288523,6602.861748855747,541.2,19.0,221.8434190093329,2305.0079482296046,2503.8290611251005,2706.7085948086574,re_nordic_countries,SWE,1554
296,1838,Nordic countries,2.4401999999972617,6330.691892449936,5830.088829094302,6841.7657302279895,561.8,19.0,230.07059223135983,2387.6140906848905,2592.6443983316467,2801.9613162683536,re_nordic_countries,SWE,1529
297,1839,Nordic countries,2.4430999999985055,6553.392360191437,6037.151071900082,7080.669711600232,582.4,19.0,238.29776545338675,2470.220233140177,2681.459735538193,2897.2140377280493,re_nordic_countries,SWE,1546
298,1840,Nordic countries,2.4459999999997493,6776.092827932937,6244.213314705862,7319.573692972474,603.0,19.0,246.52493867541367,2552.8263755954627,2770.275072744739,2992.466759187745,re_nordic_countries,SWE,1568
299,1841,Nordic countries,2.4488999999995067,6803.861666746425,6271.792646273057,7348.88412070166,608.8,19.0,248.5795155149719,2560.9783493645973,2778.2488267258386,3000.803031562812,re_nordic_countries,SWE,1549
300,1842,Nordic countries,2.451799999999264,6831.630505559912,6299.371977840251,7378.194548430847,614.6,19.0,250.63409235453014,2569.1303231337324,2786.2225807069385,3009.1393039378786,re_nordic_countries,SWE,1476
301,1843,Nordic countries,2.454699999999021,6859.3993443734,6326.9513094074455,7407.504976160033,620.4,19.0,252.68866919408836,2577.2822969028675,2794.196334688038,3017.4755763129456,re_nordic_countries,SWE,1508
302,1844,Nordic countries,2.4575999999987785,6887.168183186887,6354.53064097464,7436.81540388922,626.2,19.0,254.74324603364659,2585.434270672002,2802.1700886691374,3025.811848688012,re_nordic_countries,SWE,1573
303,1845,Nordic countries,2.460499999998536,6914.937022000375,6382.1099725418335,7466.125831618406,632.0,19.0,256.79782287320484,2593.586244441137,2810.1438426502373,3034.148121063079,re_nordic_countries,SWE,1610
304,1846,Nordic countries,2.4633999999982934,6942.705860813863,6409.689304109028,7495.436259347592,637.8,19.0,258.85239971276303,2601.738218210272,2818.1175966313367,3042.484393438146,re_nordic_countries,SWE,1554
305,1847,Nordic countries,2.466299999998051,6970.474699627351,6437.268635676222,7524.7466870767785,643.6,19.0,260.9069765523213,2609.890191979407,2826.091350612436,3050.8206658132126,re_nordic_countries,SWE,1594
306,1848,Nordic countries,2.469199999997808,6998.243538440838,6464.847967243417,7554.057114805964,649.4,19.0,262.96155339187953,2618.0421657485417,2834.0651045935356,3059.1569381882796,re_nordic_countries,SWE,1612
307,1849,Nordic countries,2.4720999999975652,7026.012377254326,6492.427298810611,7583.367542535151,655.2,19.0,265.0161302314377,2626.1941395176764,2842.0388585746355,3067.493210563346,re_nordic_countries,SWE,1672
308,1850,Nordic countries,2.4749999999973227,7053.781216067813,6520.006630377806,7612.677970264337,661.0,19.0,267.070707070996,2634.3461132868115,2850.012612555735,3075.829482938413,re_nordic_countries,SWE,1715
309,1851,Nordic countries,2.477899999997631,7336.418206110289,6774.701184666815,7922.599593672277,684.5,19.0,276.1463839677244,2733.010230922444,2959.5860763996407,3196.0378367349063,re_nordic_countries,SWE,1682
310,1852,Nordic countries,2.48079999999794,7619.055196152765,7029.395738955823,8232.521217080217,708.0,19.0,285.2220608644528,2831.674348558076,3069.159540243546,3316.2461905314,re_nordic_countries,SWE,1645
311,1853,Nordic countries,2.4836999999982488,7901.692186195241,7284.090293244832,8542.442840488156,731.5,19.0,294.2977377611812,2930.338466193708,3178.7330040874513,3436.454544327893,re_nordic_countries,SWE,1667
312,1854,Nordic countries,2.4865999999985577,8184.329176237717,7538.78484753384,8852.364463896096,755.0,19.0,303.3734146579096,3029.0025838293404,3288.306467931357,3556.6628981243866,re_nordic_countries,SWE,1685
313,1855,Nordic countries,2.4894999999988663,8466.966166280192,7793.479401822849,9162.286087304035,778.5,19.0,312.449091554638,3127.666701464973,3397.879931775263,3676.87125192088,re_nordic_countries,SWE,1788
314,1856,Nordic countries,2.492399999999175,8749.603156322668,8048.1739561118575,9472.207710711975,802.0,19.0,321.52476845136647,3226.330819100605,3507.453395619168,3797.079605717373,re_nordic_countries,SWE,1771
315,1857,Nordic countries,2.495299999999484,9032.240146365144,8302.868510400865,9782.129334119914,825.5,19.0,330.60044534809487,3324.994936736237,3617.0268594630734,3917.2879595138666,re_nordic_countries,SWE,1819
316,1858,Nordic countries,2.4981999999997924,9314.87713640762,8557.563064689873,10092.050957527854,849.0,19.0,339.6761222448233,3423.6590543718694,3726.600323306979,4037.4963133103597,re_nordic_countries,SWE,1841
317,1859,Nordic countries,2.5011000000001014,9597.514126450096,8812.257618978883,10401.972580935793,872.5,19.0,348.7517991415517,3522.323172007502,3836.173787150885,4157.704667106853,re_nordic_countries,SWE,1906
318,1860,Nordic countries,2.50400000000041,9880.151116492572,9066.952173267891,10711.894204343733,896.0,19.0,357.8274760382801,3620.987289643134,3945.74725099479,4277.9130209033465,re_nordic_countries,SWE,1941
319,1861,Nordic countries,2.50400000000041,9880.151116492572,9066.952173267891,10711.894204343733,896.0,19.0,357.8274760382801,3620.987289643134,3945.74725099479,4277.9130209033465,re_nordic_countries,SWE,1865
320,1862,Nordic countries,2.50400000000041,9880.151116492572,9066.952173267891,10711.894204343733,896.0,19.0,357.8274760382801,3620.987289643134,3945.74725099479,4277.9130209033465,re_nordic_countries,SWE,1808
321,1863,Nordic countries,2.50400000000041,9880.151116492572,9066.952173267891,10711.894204343733,896.0,19.0,357.8274760382801,3620.987289643134,3945.74725099479,4277.9130209033465,re_nordic_countries,SWE,1886
322,1864,Nordic countries,2.50400000000041,9880.151116492572,9066.952173267891,10711.894204343733,896.0,19.0,357.8274760382801,3620.987289643134,3945.74725099479,4277.9130209033465,re_nordic_countries,SWE,1919
323,1865,Nordic countries,2.50400000000041,9880.151116492572,9066.952173267891,10711.894204343733,896.0,19.0,357.8274760382801,3620.987289643134,3945.74725099479,4277.9130209033465,re_nordic_countries,SWE,1953
324,1866,Nordic countries,2.50400000000041,9880.151116492572,9066.952173267891,10711.894204343733,896.0,19.0,357.8274760382801,3620.987289643134,3945.74725099479,4277.9130209033465,re_nordic_countries,SWE,1921
325,1867,Nordic countries,2.50400000000041,9880.151116492572,9066.952173267891,10711.894204343733,896.0,19.0,357.8274760382801,3620.987289643134,3945.74725099479,4277.9130209033465,re_nordic_countries,SWE,1949
326,1868,Nordic countries,2.50400000000041,9880.151116492572,9066.952173267891,10711.894204343733,896.0,19.0,357.8274760382801,3620.987289643134,3945.74725099479,4277.9130209033465,re_nordic_countries,SWE,1774
327,1869,Nordic countries,2.50400000000041,9880.151116492572,9066.952173267891,10711.894204343733,896.0,19.0,357.8274760382801,3620.987289643134,3945.74725099479,4277.9130209033465,re_nordic_countries,SWE,1902
328,1870,Nordic countries,2.50400000000041,9880.151116492572,9066.952173267891,10711.894204343733,896.0,19.0,357.8274760382801,3620.987289643134,3945.74725099479,4277.9130209033465,re_nordic_countries,SWE,2144
329,1871,Nordic countries,2.50400000000041,9880.151116492572,9066.952173267891,10711.894204343733,896.0,19.0,357.8274760382801,3620.987289643134,3945.74725099479,4277.9130209033465,re_nordic_countries,SWE,2219
330,1872,Nordic countries,2.50400000000041,9880.151116492572,9066.952173267891,10711.894204343733,896.0,19.0,357.8274760382801,3620.987289643134,3945.74725099479,4277.9130209033465,re_nordic_countries,SWE,2259
331,1873,Nordic countries,2.50400000000041,9880.151116492572,9066.952173267891,10711.894204343733,896.0,19.0,357.8274760382801,3620.987289643134,3945.74725099479,4277.9130209033465,re_nordic_countries,SWE,2284
332,1874,Nordic countries,2.50400000000041,9880.151116492572,9066.952173267891,10711.894204343733,896.0,19.0,357.8274760382801,3620.987289643134,3945.74725099479,4277.9130209033465,re_nordic_countries,SWE,2370
333,1875,Nordic countries,2.50400000000041,9880.151116492572,9066.952173267891,10711.894204343733,896.0,19.0,357.8274760382801,3620.987289643134,3945.74725099479,4277.9130209033465,re_nordic_countries,SWE,2286
334,1876,Nordic countries,2.50400000000041,9880.151116492572,9066.952173267891,10711.894204343733,896.0,19.0,357.8274760382801,3620.987289643134,3945.74725099479,4277.9130209033465,re_nordic_countries,SWE,2431
335,1877,Nordic countries,2.50400000000041,9880.151116492572,9066.952173267891,10711.894204343733,896.0,19.0,357.8274760382801,3620.987289643134,3945.74725099479,4277.9130209033465,re_nordic_countries,SWE,2377
336,1878,Nordic countries,2.50400000000041,9880.151116492572,9066.952173267891,10711.894204343733,896.0,19.0,357.8274760382801,3620.987289643134,3945.74725099479,4277.9130209033465,re_nordic_countries,SWE,2291
337,1879,Nordic countries,2.50400000000041,9880.151116492572,9066.952173267891,10711.894204343733,896.0,19.0,357.8274760382801,3620.987289643134,3945.74725099479,4277.9130209033465,re_nordic_countries,SWE,2416
338,1880,Nordic countries,2.50400000000041,9880.151116492572,9066.952173267891,10711.894204343733,896.0,19.0,357.8274760382801,3620.987289643134,3945.74725099479,4277.9130209033465,re_nordic_countries,SWE,2359
339,1810,United Kingdom,6.569025501633812,4198.166717023654,3961.435585745141,4452.284603576639,655.0,19.0,99.71037558570781,603.047679562193,639.0851604974755,677.7694199039555,re_united_kingdom,GBR,3478
340,1811,United Kingdom,6.576692349369362,4395.128919903699,4149.170140691029,4657.955128633756,685.8,19.0,104.2299240072404,630.6010217395972,667.9854431273521,707.9354448140266,re_united_kingdom,GBR,3397
341,1812,United Kingdom,6.584359197104914,4592.091122783744,4336.904695636917,4863.625653690874,716.6,19.0,108.74947242877298,658.1543639170013,696.8857257572288,738.1014697240978,re_united_kingdom,GBR,3207
342,1813,United Kingdom,6.592026044840464,4789.053325663789,4524.639250582804,5069.296178747993,747.4,19.0,113.26902085030557,685.7077060944055,725.7860083871054,768.2674946341689,re_united_kingdom,GBR,3328
343,1814,United Kingdom,6.599692892576015,4986.015528543834,4712.373805528692,5274.96670380511,778.2,19.0,117.78856927183816,713.2610482718096,754.6862910169821,798.43351954424,re_united_kingdom,GBR,3204
344,1815,United Kingdom,6.607359740311566,5182.977731423879,4900.10836047458,5480.637228862228,809.0,19.0,122.30811769337075,740.8143904492138,783.5865736468586,828.5995444543112,re_united_kingdom,GBR,3489
345,1816,United Kingdom,6.615026588047117,5379.939934303924,5087.842915420468,5686.3077539193455,839.8,19.0,126.82766611490332,768.3677326266179,812.4868562767354,858.7655693643823,re_united_kingdom,GBR,3250
346,1817,United Kingdom,6.622693435782668,5576.902137183969,5275.577470366356,5891.978278976463,870.6,19.0,131.3472145364359,795.9210748040219,841.3871389066119,888.9315942744533,re_united_kingdom,GBR,3253
347,1818,United Kingdom,6.630360283518218,5773.864340064014,5463.312025312243,6097.648804033581,901.4,19.0,135.8667629579685,823.4744169814261,870.2874215364885,919.0976191845245,re_united_kingdom,GBR,3201
348,1819,United Kingdom,6.63802713125377,5970.826542944059,5651.046580258131,6303.319329090699,932.2,19.0,140.38631137950108,851.0277591588302,899.1877041663652,949.2636440945956,re_united_kingdom,GBR,3103
349,1820,United Kingdom,6.64569397898932,6167.788745824104,5838.781135204019,6508.989854147817,963.0,19.0,144.90585980103367,878.5811013362344,928.0879867962418,979.4296690046667,re_united_kingdom,GBR,3306
350,1821,United Kingdom,6.653364143399625,6156.161973791123,5830.074145880053,6493.931697683433,962.2,19.0,144.62151893865948,876.283430731139,925.2994928530195,976.0721541662887,re_united_kingdom,GBR,3308
351,1822,United Kingdom,6.661034307809931,6144.535201758142,5821.367156556088,6478.873541219049,961.4,19.0,144.33717807628528,873.9857601260435,922.5109989097972,972.7146393279106,re_united_kingdom,GBR,3315
352,1823,United Kingdom,6.668704472220236,6132.908429725161,5812.660167232122,6463.8153847546655,960.6,19.0,144.0528372139111,871.6880895209481,919.7225049665748,969.3571244895325,re_united_kingdom,GBR,3359
353,1824,United Kingdom,6.676374636630541,6121.28165769218,5803.953177908156,6448.757228290281,959.8,19.0,143.7684963515369,869.3904189158526,916.9340110233525,965.9996096511544,re_united_kingdom,GBR,3492
354,1825,United Kingdom,6.684044801040846,6109.654885659199,5795.246188584191,6433.699071825898,959.0,19.0,143.48415548916273,867.0927483107572,914.1455170801302,962.6420948127763,re_united_kingdom,GBR,3521
355,1826,United Kingdom,6.691714965451152,6098.028113626218,5786.539199260225,6418.640915361514,958.2,19.0,143.19981462678854,864.7950777056618,911.3570231369079,959.2845799743983,re_united_kingdom,GBR,3290
356,1827,United Kingdom,6.699385129861457,6086.401341593237,5777.8322099362595,6403.58275889713,957.4,19.0,142.91547376441434,862.4974071005663,908.5685291936855,955.9270651360202,re_united_kingdom,GBR,3499
357,1828,United Kingdom,6.707055294271762,6074.774569560256,5769.125220612294,6388.524602432746,956.6,19.0,142.63113290204015,860.1997364954709,905.7800352504631,952.5695502976421,re_united_kingdom,GBR,3461
358,1829,United Kingdom,6.714725458682068,6063.147797527275,5760.418231288329,6373.466445968362,955.8,19.0,142.34679203966596,857.9020658903754,902.9915413072408,949.212035459264,re_united_kingdom,GBR,3443
359,1830,United Kingdom,6.722395623092373,6051.521025494294,5751.711241964363,6358.408289503978,955.0,19.0,142.06245117729176,855.60439528528,900.2030473640185,945.854520620886,re_united_kingdom,GBR,3550
360,1831,United Kingdom,6.73006886953285,6406.989171267278,6092.769586057385,6729.380720976704,1010.5,19.0,150.06493606976383,904.8008623039759,951.4685422125501,999.3488292967284,re_united_kingdom,GBR,3545
361,1832,United Kingdom,6.737742115973328,6762.457317040263,6433.827930150406,7100.35315244943,1066.0,19.0,158.06742096223587,953.9973293226719,1002.7340370610817,1052.8431379725707,re_united_kingdom,GBR,3612
362,1833,United Kingdom,6.745415362413805,7117.925462813247,6774.8862742434285,7471.325583922156,1121.5,19.0,166.06990585470794,1003.1937963413678,1053.9995319096133,1106.337446648413,re_united_kingdom,GBR,3599
363,1834,United Kingdom,6.7530886088542825,7473.3936085862315,7115.944618336451,7842.298015394881,1177.0,19.0,174.07239074718,1052.3902633600637,1105.265026758145,1159.8317553242555,re_united_kingdom,GBR,3639
364,1835,United Kingdom,6.76076185529476,7828.861754359215,7457.002962429473,8213.270446867607,1232.5,19.0,182.07487563965208,1101.5867303787597,1156.5305216066765,1213.3260640000979,re_united_kingdom,GBR,3861
365,1836,United Kingdom,6.768435101735236,8184.329900132199,7798.061306522494,8584.242878340334,1288.0,19.0,190.07736053212412,1150.7831973974558,1207.7960164552082,1266.8203726759402,re_united_kingdom,GBR,3937
366,1837,United Kingdom,6.776108348175714,8539.798045905183,8139.119650615517,8955.215309813058,1343.5,19.0,198.0798454245962,1199.9796644161515,1259.0615113037397,1320.3146813517826,re_united_kingdom,GBR,3857
367,1838,United Kingdom,6.783781594616191,8895.266191678169,8480.177994708538,9326.187741285785,1399.0,19.0,206.08233031706823,1249.1761314348475,1310.3270061522715,1373.808990027625,re_united_kingdom,GBR,3963
368,1839,United Kingdom,6.791454841056669,9250.734337451153,8821.23633880156,9697.160172758511,1454.5,19.0,214.0848152095403,1298.3725984535436,1361.5925010008032,1427.3032987034674,re_united_kingdom,GBR,3881
369,1840,United Kingdom,6.799128087497146,9606.202483224137,9162.294682894582,10068.132604231236,1510.0,19.0,222.08730010201236,1347.5690654722393,1412.8579958493347,1480.7976073793097,re_united_kingdom,GBR,4018
370,1841,United Kingdom,6.8068042024914215,9594.48544380363,9151.390690679254,10055.388360325813,1504.0,19.0,220.96675156082907,1344.4788342903692,1409.5766312013448,1477.2910039727817,re_united_kingdom,GBR,3894
371,1842,United Kingdom,6.814480317485697,9582.768404383121,9140.486698463925,10042.644116420388,1498.0,19.0,219.84620301964577,1341.3886031084992,1406.295266553355,1473.784400566254,re_united_kingdom,GBR,3808
372,1843,United Kingdom,6.822156432479973,9571.051364962614,9129.582706248597,10029.899872514965,1492.0,19.0,218.72565447846245,1338.298371926629,1403.0139019053652,1470.277797159726,re_united_kingdom,GBR,3950
373,1844,United Kingdom,6.829832547474249,9559.334325542106,9118.678714033269,10017.155628609542,1486.0,19.0,217.60510593727915,1335.2081407447588,1399.7325372573753,1466.771193753198,re_united_kingdom,GBR,4245
374,1845,United Kingdom,6.837508662468524,9547.617286121598,9107.77472181794,10004.411384704119,1480.0,19.0,216.48455739609585,1332.1179095628886,1396.4511726093856,1463.26459034667,re_united_kingdom,GBR,4387
375,1846,United Kingdom,6.8451847774628,9535.90024670109,9096.870729602611,9991.667140798694,1474.0,19.0,215.36400885491256,1329.0276783810186,1393.1698079613957,1459.7579869401422,re_united_kingdom,GBR,4334
376,1847,United Kingdom,6.852860892457075,9524.183207280583,9085.966737387284,9978.922896893271,1468.0,19.0,214.24346031372926,1325.9374471991484,1389.8884433134058,1456.2513835336144,re_united_kingdom,GBR,4234
377,1848,United Kingdom,6.860537007451351,9512.466167860075,9075.062745171956,9966.178652987848,1462.0,19.0,213.12291177254593,1322.8472160172782,1386.6070786654159,1452.7447801270864,re_united_kingdom,GBR,4361
378,1849,United Kingdom,6.868213122445627,9500.749128439567,9064.158752956626,9953.434409082423,1456.0,19.0,212.00236323136264,1319.7569848354083,1383.3257140174262,1449.2381767205584,re_united_kingdom,GBR,4422
379,1850,United Kingdom,6.875889237439902,9489.03208901906,9053.254760741298,9940.690165177,1450.0,19.0,210.88181469017934,1316.666753653538,1380.0443493694363,1445.7315733140306,re_united_kingdom,GBR,4332
380,1851,United Kingdom,6.883568026404765,9721.379355568031,9269.942135876283,10187.859929012111,1490.0,19.0,216.4020887295031,1346.378613591889,1411.9385669743422,1479.6851557785524,re_united_kingdom,GBR,4477
381,1852,United Kingdom,6.891246815369627,9953.726622117003,9486.62951101127,10435.029692847223,1530.0,19.0,221.92236276882687,1376.0904735302397,1443.832784579248,1513.6387382430742,re_united_kingdom,GBR,4626
382,1853,United Kingdom,6.898925604334489,10186.073888665975,9703.316886146255,10682.199456682334,1570.0,19.0,227.44263680815064,1405.8023334685906,1475.727002184154,1547.592320707596,re_united_kingdom,GBR,4734
383,1854,United Kingdom,6.906604393299351,10418.421155214946,9920.004261281241,10929.369220517447,1610.0,19.0,232.9629108474744,1435.5141934069416,1507.6212197890598,1581.5459031721177,re_united_kingdom,GBR,4909
384,1855,United Kingdom,6.914283182264214,10650.768421763918,10136.691636416226,11176.538984352557,1650.0,19.0,238.48318488679817,1465.2260533452923,1539.5154373939656,1615.4994856366395,re_united_kingdom,GBR,4748
385,1856,United Kingdom,6.921961971229076,10883.11568831289,10353.379011551213,11423.70874818767,1690.0,19.0,244.00345892612194,1494.9379132836432,1571.4096549988715,1649.4530681011613,re_united_kingdom,GBR,5013
386,1857,United Kingdom,6.929640760193938,11115.462954861861,10570.066386686198,11670.87851202278,1730.0,19.0,249.5237329654457,1524.649773221994,1603.3038726037773,1683.406650565683,re_united_kingdom,GBR,5019
387,1858,United Kingdom,6.937319549158801,11347.810221410833,10786.753761821183,11918.048275857891,1770.0,19.0,255.04400700476947,1554.361633160345,1635.1980902086832,1717.3602330302049,re_united_kingdom,GBR,4879
388,1859,United Kingdom,6.944998338123662,11580.157487959805,11003.44113695617,12165.218039693003,1810.0,19.0,260.56428104409326,1584.0734930986957,1667.092307813589,1751.3138154947267,re_united_kingdom,GBR,5031
389,1860,United Kingdom,6.952677127088525,11812.504754508776,11220.128512091154,12412.387803528114,1850.0,19.0,266.084555083417,1613.7853530370467,1698.986525418495,1785.2673979592485,re_united_kingdom,GBR,5086
390,1861,United Kingdom,6.952677127088525,11812.504754508776,11220.128512091154,12412.387803528114,1850.0,19.0,266.084555083417,1613.7853530370467,1698.986525418495,1785.2673979592485,re_united_kingdom,GBR,5024
391,1862,United Kingdom,6.952677127088525,11812.504754508776,11220.128512091154,12412.387803528114,1850.0,19.0,266.084555083417,1613.7853530370467,1698.986525418495,1785.2673979592485,re_united_kingdom,GBR,4764
392,1863,United Kingdom,6.952677127088525,11812.504754508776,11220.128512091154,12412.387803528114,1850.0,19.0,266.084555083417,1613.7853530370467,1698.986525418495,1785.2673979592485,re_united_kingdom,GBR,5165
393,1864,United Kingdom,6.952677127088525,11812.504754508776,11220.128512091154,12412.387803528114,1850.0,19.0,266.084555083417,1613.7853530370467,1698.986525418495,1785.2673979592485,re_united_kingdom,GBR,5255
394,1865,United Kingdom,6.952677127088525,11812.504754508776,11220.128512091154,12412.387803528114,1850.0,19.0,266.084555083417,1613.7853530370467,1698.986525418495,1785.2673979592485,re_united_kingdom,GBR,5333
395,1866,United Kingdom,6.952677127088525,11812.504754508776,11220.128512091154,12412.387803528114,1850.0,19.0,266.084555083417,1613.7853530370467,1698.986525418495,1785.2673979592485,re_united_kingdom,GBR,5451
396,1867,United Kingdom,6.952677127088525,11812.504754508776,11220.128512091154,12412.387803528114,1850.0,19.0,266.084555083417,1613.7853530370467,1698.986525418495,1785.2673979592485,re_united_kingdom,GBR,5424
397,1868,United Kingdom,6.952677127088525,11812.504754508776,11220.128512091154,12412.387803528114,1850.0,19.0,266.084555083417,1613.7853530370467,1698.986525418495,1785.2673979592485,re_united_kingdom,GBR,5636
398,1869,United Kingdom,6.952677127088525,11812.504754508776,11220.128512091154,12412.387803528114,1850.0,19.0,266.084555083417,1613.7853530370467,1698.986525418495,1785.2673979592485,re_united_kingdom,GBR,5635
399,1870,United Kingdom,6.952677127088525,11812.504754508776,11220.128512091154,12412.387803528114,1850.0,19.0,266.084555083417,1613.7853530370467,1698.986525418495,1785.2673979592485,re_united_kingdom,GBR,5829
400,1871,United Kingdom,6.952677127088525,11812.504754508776,11220.128512091154,12412.387803528114,1850.0,19.0,266.084555083417,1613.7853530370467,1698.986525418495,1785.2673979592485,re_united_kingdom,GBR,5797
401,1872,United Kingdom,6.952677127088525,11812.504754508776,11220.128512091154,12412.387803528114,1850.0,19.0,266.084555083417,1613.7853530370467,1698.986525418495,1785.2673979592485,re_united_kingdom,GBR,5769
402,1873,United Kingdom,6.952677127088525,11812.504754508776,11220.128512091154,12412.387803528114,1850.0,19.0,266.084555083417,1613.7853530370467,1698.986525418495,1785.2673979592485,re_united_kingdom,GBR,5842
403,1874,United Kingdom,6.952677127088525,11812.504754508776,11220.128512091154,12412.387803528114,1850.0,19.0,266.084555083417,1613.7853530370467,1698.986525418495,1785.2673979592485,re_united_kingdom,GBR,5874
404,1875,United Kingdom,6.952677127088525,11812.504754508776,11220.128512091154,12412.387803528114,1850.0,19.0,266.084555083417,1613.7853530370467,1698.986525418495,1785.2673979592485,re_united_kingdom,GBR,5950
405,1876,United Kingdom,6.952677127088525,11812.504754508776,11220.128512091154,12412.387803528114,1850.0,19.0,266.084555083417,1613.7853530370467,1698.986525418495,1785.2673979592485,re_united_kingdom,GBR,5938
406,1877,United Kingdom,6.952677127088525,11812.504754508776,11220.128512091154,12412.387803528114,1850.0,19.0,266.084555083417,1613.7853530370467,1698.986525418495,1785.2673979592485,re_united_kingdom,GBR,5923
407,1878,United Kingdom,6.952677127088525,11812.504754508776,11220.128512091154,12412.387803528114,1850.0,19.0,266.084555083417,1613.7853530370467,1698.986525418495,1785.2673979592485,re_united_kingdom,GBR,5879
408,1879,United Kingdom,6.952677127088525,11812.504754508776,11220.128512091154,12412.387803528114,1850.0,19.0,266.084555083417,1613.7853530370467,1698.986525418495,1785.2673979592485,re_united_kingdom,GBR,5786
409,1880,United Kingdom,6.952677127088525,11812.504754508776,11220.128512091154,12412.387803528114,1850.0,19.0,266.084555083417,1613.7853530370467,1698.986525418495,1785.2673979592485,re_united_kingdom,GBR,5997
