,year,region_name,population_interpolated,N_est,lower,upper,score,century,score_cap,lower_cap,N_est_cap,upper_cap,region_code,gdp_per_capita
0,1310.0,Italy,8.266826261649946,68.99480541757177,56.45191389063721,82.5896907933211,10,14,1.2096540659612383,6.8287287169103,8.345984690357016,9.99049552746223,re_italy,2857
1,1320.0,Italy,8.370761709147772,190.99846669786032,156.70421244847125,227.92289944313436,37,14,4.420147327759373,18.720424483858032,22.81733411299148,27.22845391645239,re_italy,2788
2,1330.0,Italy,8.480059382096622,96.2078180085327,79.29400743771055,114.0981853642644,14,14,1.6509318354016786,9.350642945392416,11.345182111772683,13.454880469958997,re_italy,2488
3,1340.0,Italy,8.593373243706935,617.2244691895625,511.773182176982,729.4559628739609,68,14,7.913074187694278,59.554399379982904,71.8256325758416,84.88586986584728,re_italy,2642
4,1350.0,Italy,8.709112220674276,124.53919899733891,103.901515485546,146.34671076879684,24,14,2.755734383928041,11.930207448572954,14.299873034325977,16.803860951681067,re_italy,2972
5,1360.0,Italy,8.825402556015577,269.41845325622893,226.28412231995952,315.13163976715623,47,14,5.325536110300581,25.640090736225915,30.527610672284602,35.70733887400479,re_italy,2880
6,1370.0,Italy,8.940309609454578,90.72344573924384,76.71373150015306,105.68041878623272,15,14,1.6777942437404139,8.580657141786965,10.14768500223994,11.820666554374505,re_italy,2097
7,1380.0,Italy,9.05217455018864,761.1796843885556,647.9377649089772,882.1018067039042,95,14,10.494715879956189,71.57813421698488,84.0880475921328,97.44639830056325,re_italy,2949
8,1390.0,Italy,9.159736582903124,157.69377672345206,135.05605315983794,181.72752049136784,20,14,2.1834689042619955,14.74453462034306,17.215972893564583,19.839819502076814,re_italy,2573
9,1400.0,Italy,9.262238452290028,262.8681633502381,226.86575780168823,301.6821453640915,46,14,4.9664020460007485,24.49362095030032,28.380630093284378,32.571191825611294,re_italy,3087
10,1410.0,Italy,9.359664355023714,152.11169790243343,132.2866011191516,173.2965590644827,31,15,3.312084581682786,14.133690707418156,16.251832558588372,18.51525359148882,re_italy,3149
11,1420.0,Italy,9.453100444309433,539.4259157071654,472.00502460826505,611.865159189993,71,15,7.51076331181274,49.93123974392995,57.06338559344182,64.72639985099524,re_italy,2934
12,1430.0,Italy,9.544978587260944,263.655439168193,231.98859210165364,297.80662511218,38,15,3.981150890240456,24.30477868345075,27.622423325294477,31.20034501802266,re_italy,3433
13,1440.0,Italy,9.638764118125335,1317.257642270701,1166.1120333599529,1479.0952025381866,150,15,15.562161098841564,120.98148881630196,136.66250425131238,153.45278548281968,re_italy,2980
14,1450.0,Italy,9.737848839091878,291.45280379121965,259.560303991827,325.6277098730436,41,15,4.210375482047792,26.654788781464884,29.929896079430172,33.43938843719109,re_italy,3218
15,1460.0,Italy,9.84416313798392,1050.8747192486398,940.4776133299592,1169.461588649456,135,15,13.71371015572665,95.53657331227129,106.75104673893676,118.79746122217975,re_italy,3664
16,1470.0,Italy,9.957539332866984,487.0054402849028,437.7352947992492,540.3772280694291,81,15,8.134539798667147,43.960187368219614,48.90821155759208,54.26814898795315,re_italy,3387
17,1480.0,Italy,10.076273588642511,2547.638941245561,2295.9760938452027,2816.864585387968,297,15,29.475182207712585,227.85964212336555,252.83542758477068,279.5541983460038,re_italy,2934
18,1490.0,Italy,10.198335332981149,748.9557597524233,677.9384826564459,825.1598268961858,95,15,9.315245762979817,66.4754060855413,73.43902071255884,80.91122717132477,re_italy,2796
19,1500.0,Italy,10.32240084417514,1914.4296415228011,1735.9913101953414,2104.2629510658576,256,15,24.800431979393537,168.17708752077277,185.46360196844134,203.85402415885434,re_italy,2703
20,1510.0,Italy,10.448201747592346,1039.775233184549,944.6058568466528,1140.880008988597,125,16,11.963781234297533,90.40846259159622,99.5171473812852,109.19391073698381,re_italy,3072
21,1520.0,Italy,10.576344621401256,1935.1910831003925,1758.730648553793,2121.540339732123,252,16,23.82675763893675,166.28908299706853,182.97352746851016,200.59296625406677,re_italy,2888
22,1530.0,Italy,10.708035404646086,1133.1712069160824,1029.3923857052048,1240.5654782558518,131,16,12.233803405539796,96.13270285402344,105.82437992541686,115.85369597466828,re_italy,2465
23,1540.0,Italy,10.845071894577762,4658.523962919709,4234.619434116367,5095.479070468879,435,16,40.110384166055006,390.46485586080445,429.5521512631782,469.8428115554014,re_italy,2550
24,1550.0,Italy,10.98993501609977,1599.9081765492672,1453.0984886897406,1748.7806624000284,155,16,14.103814060131551,132.2208444873437,145.57940280861283,159.12565996415285,re_italy,2527
25,1560.0,Italy,11.145696542740335,2822.1302243006644,2566.653206704201,3083.284001862035,276,16,24.76292073282495,230.2819924140112,253.20357623937264,276.6344830974524,re_italy,2519
26,1570.0,Italy,11.315332352750817,2123.325525229595,1933.1226872806617,2319.9290146043422,201,16,17.763508285387292,170.8409993640805,187.65030129348372,205.0252650369881,re_italy,2573
27,1580.0,Italy,11.499909428676103,4109.303009561237,3741.879909043573,4484.468299654815,367,16,31.9132948199445,325.3834243000944,357.33351075916335,389.95683639667396,re_italy,2458
28,1590.0,Italy,11.695929333865283,1855.672134544216,1692.0206611284618,2022.669722717768,189,16,16.159468359025993,144.66748326097152,158.65965684070628,172.93792267205106,re_italy,2396
29,1600.0,Italy,11.89720549179821,3931.389610894146,3589.0567167513245,4283.498579255658,362,16,30.42731339301136,301.67224725382584,330.4464744770861,360.04241350699124,re_italy,2404
30,1610.0,Italy,12.114626928001224,2670.623101008043,2441.349724666667,2907.408111990583,251,17,20.718756053465377,201.52083420941648,220.4461694842026,239.99155147489734,re_italy,2565
31,1620.0,Italy,12.391572153669827,3947.06911448858,3615.1857652899066,4295.947964425543,351,17,28.325703602996782,291.7455283685897,318.528518055688,346.68304482682424,re_italy,2519
32,1630.0,Italy,12.76979305471837,2503.057041466144,2295.8934199401874,2717.69216126515,223,17,17.463086445054227,179.79096529617345,196.01390803598636,212.8219423462761,re_italy,2558
33,1640.0,Italy,13.262836959868554,5143.178841834503,4726.902666722111,5582.177380857574,407,17,30.687250490338055,356.40207905933255,387.78874062894886,420.8886377589081,re_italy,2942
34,1650.0,Italy,13.855468123377545,2191.065655071133,2012.7092010730307,2374.7251096057907,200,17,14.43473423049138,145.26461200376917,158.13725206254648,171.3926291381705,re_italy,2465
35,1660.0,Italy,14.51798034958324,3636.54804436789,3345.1320694595474,3937.888143287378,292,17,20.112990441427502,230.4130456792893,250.48580841151795,271.2421458402388,re_italy,2619
36,1670.0,Italy,15.220820704568316,2561.4502351328274,2355.8666739015557,2771.876489391428,219,17,14.388186041391988,154.77921457904534,168.28594757469577,182.11084298230307,re_italy,2634
37,1680.0,Italy,15.941886550873516,4637.417911812813,4263.2577122222,5022.188172349944,338,17,21.20200761192092,267.4249185388037,290.8951771180878,315.03098183036303,re_italy,2535
38,1690.0,Italy,16.740835612380508,2944.4935282958127,2704.0307327439345,3191.4286139477726,234,17,13.97779689246502,161.5230443302482,175.8868909816093,190.63735454086805,re_italy,2473
39,1700.0,Italy,17.45450778618777,4185.930478971303,3835.776640888713,4537.548268718813,327,17,18.734415430423315,219.75851097468748,239.81945124134322,259.96426391980526,re_italy,2604
40,1710.0,Italy,18.11251670351261,3274.899013723644,2995.234544841865,3559.5705554816013,241,18,13.305715817684364,165.36821436090054,180.80861248224736,196.52545329558117,re_italy,2665
41,1720.0,Italy,18.734441311642676,5095.353493691284,4657.65274110114,5543.230005584205,368,18,19.642966335553506,248.6144456417071,271.9778726747903,295.88445758130604,re_italy,3034
42,1730.0,Italy,19.33264293171535,3387.880427173792,3094.71374512664,3689.5449653135634,247,18,12.776318316767473,160.0771170324435,175.24145245635032,190.84534785778496,re_italy,2980
43,1740.0,Italy,19.91499338774405,6284.101494802598,5732.899109933355,6845.3434792324415,425,18,21.340705051981118,287.86849175965364,315.5462506289315,343.7281321642394,re_italy,2773
44,1750.0,Italy,20.48663313697562,4308.78184159358,3933.066031399115,4690.294697203885,300,18,14.643694646854408,191.9820599657471,210.32161862735794,228.94414449871383,re_italy,2703
45,1760.0,Italy,21.051018047976815,6207.145525629906,5667.4103250421695,6753.603828112888,435,18,20.664083751607787,269.2226243940186,294.8620114943309,320.82077041219236,re_italy,2857
46,1770.0,Italy,21.610537788790268,5246.023781841077,4793.476938750575,5698.14036228109,358,18,16.56599217932005,221.81201530472916,242.75304173884436,263.67415831904043,re_italy,2627
47,1780.0,Italy,22.166886708780545,7420.526040227616,6791.269984183368,8045.91624520335,480,18,21.653920386116592,306.37004074610405,334.7572502045704,362.97006209790726,re_italy,2657
48,1790.0,Italy,22.7212914897158,4788.53888463621,4397.833463271858,5183.090397917035,328,18,14.435799133533438,193.55561127598855,210.7511752491542,228.1160118148665,re_italy,2427
49,1800.0,Italy,23.274654539962647,6901.278333496288,6358.013191590755,7451.7012601132865,477,18,20.494396562620924,273.1732572302643,296.5147483347937,320.16377503342505,re_italy,2404
50,1810.0,Italy,23.827646757471207,6616.901223343156,6123.758924614869,7118.99928350636,437,19,18.340040225037235,257.0022540180033,277.69847734831023,298.7705565709792,re_italy,2558
51,1820.0,Italy,24.380769182034847,8042.852163987202,7464.520311451551,8624.199568057418,542,19,22.230635791399756,306.1642664232201,329.8850870510533,353.7295933391726,re_italy,2665
52,1830.0,Italy,24.93439510964646,7636.223259516337,7108.911107332705,8164.585404394426,524,19,21.01514785884171,285.1046145724407,306.2525971027901,327.4426898463546,re_italy,2657
53,1840.0,Italy,25.488799675950183,15370.21209568044,14324.254089834263,16423.983331782452,1051,19,41.23379732909374,561.982293083414,603.0182782668624,644.3607992760527,re_italy,2711
54,1850.0,Italy,26.044181235748603,13723.412980166131,12746.06688381643,14706.164414307765,949,19,36.438081558785555,489.4017119770692,526.9281785418228,564.6621900373616,re_italy,2611
55,1860.0,Italy,26.60067725852277,17731.356152873723,16317.669048350992,19141.04278701136,1228,19,46.16423815324299,613.4305863630922,666.5753650010041,719.5697538444678,re_italy,2573
56,730.0,Arabic world,14.098621943456308,60.45204383707252,41.90750003449551,83.08941963488606,6,8,0.4255735081104733,2.9724536343033394,4.287798061365178,5.893442633480284,re_arabic_world,1164
57,1000.0,Arabic world,14.367986757062813,19.405894529070085,14.624199663454046,24.6898496587114,7,10,0.4871942129650863,1.017832206468682,1.3506342159962537,1.7183931246717437,re_arabic_world,956
58,1120.0,Arabic world,13.742739633376694,47.78716015780186,38.59104863781523,57.52352234617912,9,12,0.6548912545895794,2.8081044731495886,3.4772659187795583,4.18573907974455,re_arabic_world,1052
59,1280.0,Arabic world,12.81398834791146,118.99391562337144,93.67213484883,147.66811336720062,20,13,1.5607943020534885,7.310146716661993,9.286251274199586,11.523977496925765,re_arabic_world,1068
60,1300.0,Arabic world,12.703073712732095,38.005637356566,29.82955809008098,47.18505042062269,10,13,0.7872110503442292,2.3482157755396846,2.991845770246419,3.71445931021638,re_arabic_world,972
61,1400.0,Arabic world,12.65872734355195,40.63002525707351,31.59700457390936,50.93523923063993,8,14,0.6319750621751883,2.4960648662682594,3.209645342252313,4.02372512246147,re_arabic_world,1164
62,1500.0,Arabic world,12.92204255573626,37.30500853382536,27.732273129598184,47.67376861290444,5,15,0.38693573236844325,2.146121482728555,2.886928159609348,3.6893369145995765,re_arabic_world,1084
63,1820.0,Arabic world,14.17603120169307,224.90324430494235,175.0807347064495,279.7754908638085,21,19,1.481373714632621,12.350476111081026,15.865035926140015,19.735812293527854,re_arabic_world,956
64,1370.0,Low countries,2.0350177194965324,22.30704124843127,14.904459600487264,31.03780026089535,3,14,1.4741886378965812,7.323994999008981,10.961595584509247,15.251857496638488,re_low_countries,2133
65,1380.0,Low countries,2.077383839324211,120.48447153922892,82.24157870113692,165.6416909325148,12,14,5.77649627037808,39.589014386426896,57.99817504040248,79.73571749089919,re_low_countries,2055
66,1390.0,Low countries,2.114503055066775,21.5078668596564,14.95595838406292,29.16714940582699,2,14,0.9458487161830281,7.073037018426354,10.17159412852075,13.793855410110014,re_low_countries,2266
67,1400.0,Low countries,2.1464870051482685,31.6697043388615,22.46337464782797,42.53119920393755,6,14,2.7952650007240787,10.46518082520435,14.75420268694984,19.81432876226507,re_low_countries,1917
68,1420.0,Low countries,2.2050800776859507,81.35637407153055,59.753343560616806,106.55917937741044,10,15,4.534982697995337,27.09803791947683,36.89497487860275,48.32440347891379,re_low_countries,1924
69,1430.0,Low countries,2.238859683185715,29.94237188060824,22.36880171914713,38.71145398006316,3,15,1.3399678517285392,9.991158395115743,13.373938574838546,17.29070127565115,re_low_countries,1914
70,1440.0,Low countries,2.2768306386148978,254.6874226476156,193.5394653976727,324.1045916047105,29,15,12.737003582155786,85.00389186409218,111.86050395147257,142.34901187111504,re_low_countries,2081
71,1450.0,Low countries,2.317141301720929,38.45775224812186,29.75195270448041,48.311908008881225,7,15,3.0209638034595194,12.83993888606784,16.597068214855728,20.849789338699466,re_low_countries,2201
72,1460.0,Low countries,2.358104082307684,160.43368262975105,126.12343805134648,198.7181286708011,21,15,8.905459329619163,53.48510228942895,68.03503027429888,84.27029585408795,re_low_countries,2322
73,1470.0,Low countries,2.39896216560148,37.05718819783732,29.629934320921464,45.37658241708007,7,15,2.917928469390814,12.351146985885245,15.4471749197204,18.915088811208083,re_low_countries,2280
74,1480.0,Low countries,2.4395033208861143,263.77118617202007,213.93858872751497,319.3976375797196,42,15,17.216619317715914,87.69760094026225,108.12495474538194,130.9273223139959,re_low_countries,2302
75,1490.0,Low countries,2.479564727871707,80.37955618985517,66.11562113708925,96.12653996234712,10,15,4.032965902278878,26.664204565386964,32.41680093539951,38.76750579721939,re_low_countries,2273
76,1500.0,Low countries,2.518705468196256,219.26916585551808,182.51344462719535,259.04615424567544,43,15,17.072262137420136,72.46319465765102,87.05629484043854,102.84892676680793,re_low_countries,2332
77,1510.0,Low countries,2.555785430511909,103.3751390315652,87.04960031365566,120.98800157268492,21,16,8.216652207690933,34.05982336170534,40.44750306400321,47.3388728679198,re_low_countries,2439
78,1520.0,Low countries,2.5900696090453543,296.18543117721066,252.34995095605004,343.56145458360123,56,16,21.621040532821986,97.42979496564996,114.35423594131836,132.64564526905932,re_low_countries,3011
79,1530.0,Low countries,2.621702323089476,224.48283857443377,193.11151758425555,258.1950295196374,36,16,13.731536064543265,73.65882689408016,85.62483871544114,98.4837322092976,re_low_countries,3389
80,1540.0,Low countries,2.6521543570546107,874.1550614009595,759.2035470520796,998.1853588645432,129,16,48.639702910528506,286.25918587002013,329.6018797230812,376.36774654891985,re_low_countries,2404
81,1550.0,Low countries,2.684756505865988,289.03625227096165,253.0156401666196,327.6574450288298,44,16,16.388823308133667,94.24155956556945,107.65827427531678,122.04363573118206,re_low_countries,2884
82,1560.0,Low countries,2.724688073401829,552.3966197671123,486.3548947302911,622.2553571174969,99,16,36.3344343767015,178.4992929935892,202.7375629377765,228.37673170441062,re_low_countries,3084
83,1570.0,Low countries,2.777411240954057,279.264298459295,247.42707093798464,313.0991811220495,54,16,19.442565509834505,89.08550065959696,100.5484151361633,112.73058037112938,re_low_countries,2298
84,1580.0,Low countries,2.8455501137793187,922.8153858406672,822.4572180459728,1029.1156877958483,152,16,53.416736280255186,289.0327652510136,324.301224347453,361.6579032688438,re_low_countries,3292
85,1590.0,Low countries,2.9267423417399514,434.95714623638,390.1495869903356,482.3788931502478,67,16,22.892346567196764,133.30506803629024,148.61477214212084,164.8176835626306,re_low_countries,4051
86,1600.0,Low countries,3.01512680084639,826.17809346649,745.3044674407392,911.093811200504,168,16,55.71904967739332,247.1884324173436,274.01106090615156,302.17429361337196,re_low_countries,4270
87,1610.0,Low countries,3.1054215501724376,871.1919497549376,791.3315236402823,955.554294130785,175,17,56.353057764503056,254.8225775004174,280.53903010577164,307.70517905297754,re_low_countries,3365
88,1620.0,Low countries,3.195792629760533,1523.0750739843609,1392.0350317498928,1662.392166851025,331,17,103.57367900457373,435.5836542041843,476.5875794946332,520.1814884264224,re_low_countries,3493
89,1630.0,Low countries,3.2860762955838245,1078.6159607942775,989.8491467139756,1172.072319898759,253,17,76.99151731200156,301.22524788734796,328.23825857112183,356.6783648553484,re_low_countries,3198
90,1640.0,Low countries,3.376301309677625,1704.872256326058,1572.9839920725688,1843.2166832488408,427,17,126.4697551655337,465.8896963857648,504.95263898376476,545.9277813758969,re_low_countries,3532
91,1650.0,Low countries,3.466486127162821,1334.3989965930116,1234.9039827870508,1438.7819863436464,351,17,101.25527324330571,356.2408552887445,384.9428348023315,415.0548808113164,re_low_countries,4316
92,1660.0,Low countries,3.5566382017242115,1913.5796190497151,1773.9163140760654,2057.3858331766,499,17,140.30102914546984,498.7620931519248,538.030440690323,578.4636267414567,re_low_countries,3168
93,1670.0,Low countries,3.6467539541287497,1276.5717229567426,1184.578144593818,1370.7934660289704,288,17,78.97434365538555,324.83083846462216,350.0569928803244,375.8941467594757,re_low_countries,3476
94,1680.0,Low countries,3.736824645954576,1584.2119241971457,1470.807933487126,1695.6928631839044,333,17,89.1130924113606,393.5983282168186,423.9460168172962,453.77908353811387,re_low_countries,3549
95,1690.0,Low countries,3.826839831098394,922.6977032954148,856.2831251461614,989.0775994217144,200,17,52.26244338075556,223.75724172923844,241.11218238014905,258.45806019475486,re_low_countries,3915
96,1700.0,Low countries,3.916832352875414,1068.135279627907,989.1657387919284,1147.6611144516517,218,17,55.65722000839848,252.54227132436876,272.7038543898287,293.007463954676,re_low_countries,3377
97,1710.0,Low countries,4.006801057560238,728.4345718443112,672.6259443094036,785.1667871478448,133,18,33.19356216826608,167.87106089039747,181.79953568442423,195.95851550112573,re_low_countries,4222
98,1720.0,Low countries,4.096744442892292,972.7617295069516,895.5194948139589,1050.2814040796538,182,18,44.42551946723541,218.59296016563928,237.44750083072893,256.36976353305494,re_low_countries,3516
99,1730.0,Low countries,4.186661002026583,918.6573412696767,843.5092091750493,993.996541035534,160,18,38.21661221736149,201.4754021801007,219.42482107459716,237.4198772134603,re_low_countries,3693
100,1740.0,Low countries,4.276549412165077,1084.8649316117908,993.6726294199258,1177.106865749901,180,18,42.09000824074938,232.353828671621,253.677632842446,275.2468759980889,re_low_countries,3465
101,1750.0,Low countries,4.366408634068974,726.1177477531585,663.8276792045389,788.886643571993,128,18,29.314709347466458,152.0305896303458,166.29633380797506,180.6717395657136,re_low_countries,3777
102,1760.0,Low countries,4.4562379577799325,1139.5599158189057,1040.7018851649702,1238.5040635816597,204,18,45.778524830310324,233.5382210341929,255.72241128402996,277.9259266034963,re_low_countries,3963
103,1770.0,Low countries,4.546037632392132,1113.310933348973,1015.532228445605,1210.130242925385,189,18,41.57466683806309,223.38843418487727,244.89699016484983,266.194506244906,re_low_countries,4340
104,1780.0,Low countries,4.635810473438478,1634.7663238347286,1493.723883383999,1776.414233405604,264,18,56.94797091309595,322.2141828149572,352.6387312857913,383.1938867181514,re_low_countries,4553
105,1790.0,Low countries,4.725559536919402,1470.8884803157546,1347.0037134711822,1595.9068445000044,253,18,53.538633472583655,285.0463956590621,311.26228943348127,337.71806958131737,re_low_countries,4199
106,1800.0,Low countries,4.815287541160238,1819.3102391666037,1671.8891076513116,1967.2532732461864,269,18,55.86374597583943,347.20441787957526,377.8196470336313,408.54326069428845,re_low_countries,4184
107,1820.0,Low countries,4.994689780768657,2502.7234040470616,2322.219031124719,2689.556077436902,338,19,67.67187049362323,464.9375903316545,501.07684639062916,538.4831081587199,re_low_countries,3006
108,1830.0,Low countries,5.08436804971445,2824.9760655371424,2633.587881763693,3026.97009420024,381,19,74.93556648036089,517.9774272855014,555.6198996443225,595.3483431181269,re_low_countries,3038
109,1840.0,Low countries,5.174033376004072,6326.229569218808,5909.225775181841,6755.655641947647,798,19,154.23170706647022,1142.0927051973447,1222.6882027004979,1305.6845889859853,re_low_countries,3623
110,1850.0,Low countries,5.263687217822615,7003.317935287129,6533.651298559963,7499.333356145397,841,19,159.77393131423364,1241.2689105912875,1330.4965978172488,1424.7300505913388,re_low_countries,3779
111,1860.0,Low countries,5.353330854128841,10065.476704514718,9307.256261815766,10838.965181064834,1121,19,209.40233857121143,1738.591638631376,1880.2269052269692,2024.7142342612938,re_low_countries,3840
112,1500.0,German world,12.712530937013495,2753.840240733723,2362.9298527530286,3173.4899507273985,158,15,12.42868165142246,185.8740690158857,216.62407386681033,249.63478684543787,re_german_world,1827
113,1600.0,German world,14.895564629805172,9739.5940378575,8623.486421544676,10919.986686060029,395,16,26.517960870689496,578.9298113808707,653.8586673222934,733.103239618709,re_german_world,1286
114,1650.0,German world,16.202288774132622,6684.653013941623,6051.289620160711,7360.651996729846,266,17,16.417433592757337,373.4836296598881,412.574612582751,454.29705020943214,re_german_world,1511
115,1700.0,German world,17.510153322053,15135.683597412948,14019.353105631128,16292.676455249775,648,17,37.0071002852889,800.6413677700117,864.3946925553446,930.4702337888792,re_german_world,1497
116,1750.0,German world,18.816703878273557,14252.860546155403,13336.776965799869,15191.202011236264,709,18,37.679287753400686,708.7732820836379,757.4578756384782,807.3253482389428,re_german_world,1674
117,1800.0,German world,20.126169096393017,28329.23618102643,26726.36570996873,29943.50446756187,1666,18,82.77779998870119,1327.9410295106081,1407.5821407116944,1487.7895700940078,re_german_world,1572
118,1820.0,German world,20.650950697662378,28697.39304106688,27279.577976381846,30156.217259463345,1788,19,86.5819703013671,1320.9841220273606,1389.6402863581159,1460.2822746982265,re_german_world,1572
119,1850.0,German world,21.43902501127129,43029.74584078387,41241.41370996557,44886.03340556442,3067,19,143.0568786774382,1923.6608795541508,2007.0756864251773,2093.6602005905665,re_german_world,2276
120,1860.0,German world,21.701933992470767,52561.75476205206,50258.51855564659,54999.85116771788,3834,19,176.66628243041202,2315.8543645503296,2421.9848231170436,2534.3294835750326,re_german_world,2613
121,1400.0,Central Europe,7.7531999827546,174.98492467157735,116.08616929261946,240.9563652788708,16,14,2.063664040085218,14.972678320026478,22.569381037609677,31.078311640977756,re_central_europe,956
122,1410.0,Central Europe,7.882787745300693,32.267716314516605,21.76593456477159,43.91275189026849,4,15,0.5074346955979617,2.7611975950700063,4.093439701424529,5.570713472076802,re_central_europe,896
123,1420.0,Central Europe,8.010435458494443,114.58824849961456,78.73484106303268,154.33286592440285,9,15,1.1235344253920927,9.829033823565796,14.304871326077865,19.26647642616543,re_central_europe,980
124,1430.0,Central Europe,8.136376181237043,49.84755199249673,34.78414170046146,66.67359839985404,5,15,0.6145241921741882,4.275139315789714,6.12650532400998,8.19450783920331,re_central_europe,1019
125,1440.0,Central Europe,8.261369910079194,455.55898543828926,322.91697846552296,605.4787557678816,19,15,2.2998607018939143,39.087582565641036,55.143274105483336,73.2903576959039,re_central_europe,948
126,1460.0,Central Europe,8.515351208713765,139.3518235631676,101.46578009997476,181.8222393965383,8,15,0.9394797470964666,11.91563067840875,16.36477699481952,21.352288935596626,re_central_europe,858
127,1470.0,Central Europe,8.64807648277939,159.38174123034818,117.9319947505696,206.6434751851743,10,15,1.1563264987205708,13.636789057705888,18.429733079687654,23.894732614432375,re_central_europe,791
128,1480.0,Central Europe,8.78463716297904,702.4112778937268,524.2742911989745,903.680519671326,44,15,5.0087441500063905,59.68081338730933,79.95905406928902,102.8705571904202,re_central_europe,856
129,1490.0,Central Europe,8.921984778083461,109.9398648734681,82.7987168894543,140.35618074612708,6,15,0.6724961036403904,9.280302415763632,12.322355127026384,15.731497445602805,re_central_europe,845
130,1500.0,Central Europe,9.057390715810048,298.3554138148618,227.23974118290784,378.2424927916084,20,15,2.2081414645267734,25.088874744715554,32.94054802053202,41.76064659895599,re_central_europe,944
131,1510.0,Central Europe,9.190765082251351,151.85584226541067,116.79168193447217,191.12286106985655,11,16,1.196853570030044,12.707503770280582,16.522655176843273,20.79509805325581,re_central_europe,948
132,1520.0,Central Europe,9.323567012511502,773.0893282084306,597.469733422206,969.8963185522076,45,16,4.82647895806546,64.08166880985014,82.91776389562116,104.02631495549741,re_central_europe,983
133,1530.0,Central Europe,9.457947724343164,452.6973886720981,352.28244556708535,564.2816901156136,26,16,2.7490107534724877,37.2472396585963,47.86423036648123,59.66217054290199,re_central_europe,961
134,1540.0,Central Europe,9.59636573546112,1643.8705626975363,1286.4384734668145,2043.10403741174,81,16,8.440695387492735,134.05475665783376,171.30136637279236,212.90393610801306,re_central_europe,982
135,1550.0,Central Europe,9.74146748804196,326.73150502125327,256.84366752819403,402.9193942393032,22,16,2.2583866370242345,26.366013934089484,33.54027567430977,41.36126253399735,re_central_europe,1041
136,1560.0,Central Europe,9.896092416328315,1789.0033170596494,1417.4640147298376,2193.7510320249307,89,16,8.993448752878676,143.23471882609502,180.7787601202912,221.6785110459654,re_central_europe,1146
137,1570.0,Central Europe,10.063039783038814,1441.0177178993445,1145.9372993787624,1764.3222790663158,73,16,7.254269244074838,113.8758589934457,143.19904809759078,175.32697048858628,re_central_europe,1181
138,1580.0,Central Europe,10.244269323572569,2288.249214647719,1835.729156603937,2787.177116492854,113,16,11.030557322422345,179.19571407399783,223.36870911645642,272.07183142671016,re_central_europe,1286
139,1590.0,Central Europe,10.439750707060124,747.6220626860439,603.4669747963973,904.485527914975,37,16,3.5441459320458573,57.80473037428841,71.6130187074723,86.63861363119481,re_central_europe,1186
140,1600.0,Central Europe,10.64684431780374,1881.1074600187244,1525.9770562152066,2261.272318997522,98,16,9.204605334194996,143.32669950507827,176.6821608232893,212.38897193379674,re_central_europe,1038
141,1610.0,Central Europe,10.861050295388944,1299.625181404062,1061.990291371896,1554.3824104505352,61,17,5.616399734922278,97.779704769691,119.65925449731299,143.11529439380718,re_central_europe,995
142,1620.0,Central Europe,11.077942968260084,1856.408315297064,1530.7997676449477,2210.9380503751017,85,17,7.672904639745605,138.1844781139343,167.57698794947254,199.58019794015553,re_central_europe,872
143,1630.0,Central Europe,11.295168652836873,1227.4734935564634,1019.4214446372296,1452.7945919390793,62,17,5.489072532301516,90.25287500963464,108.67243609046719,128.62088531756436,re_central_europe,872
144,1640.0,Central Europe,11.512414763040216,2615.764643662797,2186.8098725002737,3077.6070907305825,103,17,8.946863201165591,189.95231821571184,227.21250906113306,267.3294138612014,re_central_europe,929
145,1650.0,Central Europe,11.72966336278893,1316.4954559797502,1105.6252306576644,1539.6762017943329,58,17,4.944728438157794,94.2589055168573,112.2364227566997,131.26346035460716,re_central_europe,901
146,1660.0,Central Europe,11.946898443913062,2350.947395947513,1984.963418695116,2737.5086165231987,99,17,8.2866695874895,166.14884842404044,196.7830736139989,229.1396908892247,re_central_europe,923
147,1670.0,Central Europe,12.164105597206536,1631.2283639393477,1382.345830708267,1892.835637913628,72,17,5.919054173332289,113.64138692003135,134.1017924337944,155.6082872503437,re_central_europe,800
148,1680.0,Central Europe,12.381272275068913,3533.723154312808,3006.6733321840225,4082.2044980003143,146,17,11.792003015230305,242.84041780086673,285.4087266482588,329.70799828223574,re_central_europe,988
149,1690.0,Central Europe,12.598505098821724,2237.8495427253915,1912.3888401027011,2580.7319502143537,93,17,7.381828182829234,151.79490146664762,177.6281808970087,204.844299380862,re_central_europe,1028
150,1700.0,Central Europe,12.815697884701638,2703.07102228388,2312.493600044528,3114.2726587133056,115,17,8.973370083675105,180.44226860286705,210.91875343835872,243.00453137482876,re_central_europe,985
151,1710.0,Central Europe,13.032854333003566,2386.35645457226,2043.621954719803,2748.059325224117,96,18,7.365999615057136,156.80540137279564,183.1031325600873,210.85629095578145,re_central_europe,953
152,1720.0,Central Europe,13.249978764994136,3486.838168067958,2987.4722102922465,4013.391003583331,141,18,10.641526488519048,225.46996212439353,263.1580193381164,302.89791966961747,re_central_europe,971
153,1730.0,Central Europe,13.467075863608503,3134.247278926133,2689.64940709793,3596.8743487898755,119,18,8.836365162356332,199.72037243556736,232.73406273708412,267.08651419344517,re_central_europe,971
154,1740.0,Central Europe,13.684151693267882,4531.661186932507,3902.0619916681385,5201.420009735132,173,18,12.642362046096718,285.1519099709933,331.1612797424574,380.10540414383496,re_central_europe,931
155,1750.0,Central Europe,13.901223039806853,4324.928096322998,3727.041751211989,4955.52031312635,171,18,12.301075920466342,268.1089095930205,311.11853136507114,356.4808865332185,re_central_europe,1079
156,1760.0,Central Europe,14.118322740040051,5148.842115972157,4445.366369292367,5893.721112137042,205,18,14.52013838857876,314.86504814662965,364.6921954383337,417.4519325459422,re_central_europe,1019
157,1770.0,Central Europe,14.335457194837836,5372.317175348824,4657.629510839805,6140.636929079395,208,18,14.509477945000617,324.902753189972,374.7572960061143,428.35305812852783,re_central_europe,982
158,1780.0,Central Europe,14.552624828351677,6982.022585702317,6078.337105761113,7962.024658307236,286,18,19.65281200974891,417.6797778720435,479.7775430931071,547.1194889045364,re_central_europe,1004
159,1790.0,Central Europe,14.769823943335291,7108.307398707519,6231.281592836092,8058.098561548575,281,18,19.025277557678535,421.89274677494615,481.27231752921864,545.5785114611807,re_central_europe,942
160,1800.0,Central Europe,14.987052811165178,9365.376187951246,8272.772830961418,10561.201199667314,391,18,26.089185440696493,551.994640653985,624.8977905098293,704.6883288353627,re_central_europe,902
161,1820.0,Central Europe,15.421593054254815,12579.618328591216,11278.91417820426,13973.642429908768,526,19,34.108019719459314,731.3715346088976,815.7145817773022,906.1088812775696,re_central_europe,818
162,1830.0,Central Europe,15.638901224906396,12604.231110083125,11398.279827913208,13906.36433540774,561,19,35.872085380688745,728.8414744739479,805.9537514061232,889.2162010244408,re_central_europe,942
163,1840.0,Central Europe,15.856232768784244,20830.11582020832,18979.710203661496,22823.719767438102,936,19,59.030414957245014,1196.9873601393115,1313.6863039256104,1439.4162913886184,re_central_europe,907
164,1850.0,Central Europe,16.07358630724893,20791.68430894186,18998.207457672,22654.431817065008,958,19,59.60088692639534,1181.9519984226615,1293.53113309661,1409.4198633722594,re_central_europe,985
165,1860.0,Central Europe,16.290960554465514,26797.029264036835,24453.63706801387,29271.036111999623,1284,19,78.81671530093067,1501.0555692071139,1644.9017339675224,1796.7655138650582,re_central_europe,1358
166,1820.0,Spain,15.282787613120998,1880.415662759583,1691.3752960279205,2082.1912487958352,162,19,10.600160396190764,110.67191004969503,123.041405165191,136.24420501716423,re_spain,1600
167,1850.0,Spain,16.222982817719927,4400.238166050429,4003.483708441949,4838.669761844402,385,19,23.73176402427517,246.77852115266077,271.23484105796916,298.26017916749896,re_spain,1706
168,1860.0,Spain,16.537148722112388,6876.581995084565,6212.934456920576,7599.300598727148,628,19,37.975107471838825,375.69562693797684,415.8263380609048,459.52907157240855,re_spain,1930
169,1340.0,Nordic countries,1.30103029508083,19.05234648335465,10.716805898879665,29.0813655750598,3,14,2.30586482985288,8.237168603528833,14.644045227379562,22.352566027874886,re_nordic_countries,1490
170,1370.0,Nordic countries,1.3317305549727785,6.489319986250732,3.798419471989518,9.667482458780777,1,14,0.7509026478861864,2.8522432392993795,4.872847560656425,7.259338176691746,re_nordic_countries,1709
171,1380.0,Nordic countries,1.3420798849771225,6.5622029448516805,3.904881203809885,9.67599010643172,1,14,0.7451121287143397,2.909574346147397,4.889577005293945,7.20969758562223,re_nordic_countries,1503
172,1410.0,Nordic countries,1.1989999999964045,6.86041382009318,4.298013767584695,9.818281346243555,1,15,0.8340283569666378,3.5846653607986525,5.72177966648353,8.188725059443701,re_nordic_countries,1498
173,1420.0,Nordic countries,1.2280000000040392,6.986431661892627,4.444334012282723,9.876149903835104,1,15,0.8143322475543248,3.6191645051043193,5.689276597613719,8.042467348373469,re_nordic_countries,1360
174,1440.0,Nordic countries,1.2859999999971183,43.6714963358838,28.668603727714157,60.54291025519079,4,15,3.1104199066943727,22.292848932953653,33.959172889565835,47.07846831673908,re_nordic_countries,1248
175,1470.0,Nordic countries,1.373000000002769,7.816540048065555,5.389740064923805,10.528492917895669,1,15,0.7283321194449988,3.92552080474358,5.693037179934298,7.668239561452612,re_nordic_countries,1529
176,1480.0,Nordic countries,1.4019999999982329,80.21834653470002,56.07248356350163,107.42529650005102,11,15,7.845934379467806,39.99463877572917,57.21708026733319,76.62289336675208,re_nordic_countries,1366
177,1500.0,Nordic countries,1.4600000000000213,8.46922560560441,6.086670068276853,11.13766423725392,2,15,1.36986301369861,4.1689521015594275,5.800839455893348,7.628537148803944,re_nordic_countries,1760
178,1520.0,Nordic countries,1.518000000000112,53.76825773657517,39.60956514381511,69.74098510620415,6,16,3.952569169960183,26.093257670495515,35.420459642010016,45.94267793557247,re_nordic_countries,2418
179,1530.0,Nordic countries,1.5469999999995157,55.33173580731452,41.181671088601135,71.17786566254067,7,16,4.524886877829471,26.62034330227151,35.767120754577796,46.01025576119131,re_nordic_countries,1561
180,1540.0,Nordic countries,1.5759999999984888,189.81181765098177,142.42785265455123,242.69767001490803,20,16,12.690355329961406,90.3730029534821,120.43897059083996,153.99598351214513,re_nordic_countries,1412
181,1550.0,Nordic countries,1.605000000001203,78.12642435279831,59.169826872255314,99.15043185455714,8,16,4.984423676008725,36.86593574592583,48.67689990824906,61.77597000279304,re_nordic_countries,1655
182,1560.0,Nordic countries,1.634000000001171,90.41306971531986,69.19773197742396,113.77572666671244,13,16,7.955936352503478,42.34867318076767,55.33235600688805,69.63018767847669,re_nordic_countries,1610
183,1570.0,Nordic countries,1.6630000000065586,72.30274114207533,55.74270305724132,90.30387247608544,7,16,4.2092603728036035,33.51936443597203,43.47729473348778,54.30178741775665,re_nordic_countries,1755
184,1580.0,Nordic countries,1.6920000000054785,318.3868344099793,247.86382381387716,394.33904542027113,28,16,16.548463356920415,146.491621638933,188.17188794855107,233.06090154786898,re_nordic_countries,1478
185,1590.0,Nordic countries,1.7209999999983108,98.0602497208756,77.0311047787944,120.62641036847016,10,16,5.8105752469551515,44.75950306732714,56.97864597383606,70.0908834216087,re_nordic_countries,1510
186,1600.0,Nordic countries,1.749999999994543,346.4410691889039,274.8786919291361,422.5111559759481,37,16,21.142857142923074,157.0735382457104,197.96632525141953,241.4349462727232,re_nordic_countries,1258
187,1610.0,Nordic countries,1.7789999999939674,240.47810516145185,192.7163006193556,291.5274079855795,23,17,12.928611579582908,108.3284432939905,135.1760006533262,163.87150533252841,re_nordic_countries,1486
188,1620.0,Nordic countries,1.8080000000123528,527.4744820298735,427.0954894542058,634.994317251779,44,17,24.336283185674436,236.22538133367684,291.7447356339987,351.2136710439383,re_nordic_countries,1623
189,1630.0,Nordic countries,1.837000000001595,299.6260269255821,244.6566110516437,358.3225082347108,29,17,15.786608600966153,133.18269518314167,163.10616599092106,195.0585238075121,re_nordic_countries,1423
190,1640.0,Nordic countries,1.8660000000093468,783.3610630533474,645.1636190464607,928.8293328316252,70,17,37.5133976418271,345.74684836185907,419.8076436492087,497.7649157700818,re_nordic_countries,1701
191,1650.0,Nordic countries,1.894999999985835,399.5212782853908,332.54282255445884,469.6657616150308,37,17,19.525065963206636,175.48433908018185,210.82917060072677,247.8447290863016,re_nordic_countries,1388
192,1660.0,Nordic countries,1.92400000001118,750.391432911666,630.6353486672623,875.2033678177575,75,17,38.98128898106247,327.7730502409552,390.01633726990934,454.8874053080415,re_nordic_countries,1726
193,1670.0,Nordic countries,1.9530000000046075,672.8127123982189,570.5222672460241,778.2088661416619,59,17,30.209933435668617,292.12609689947675,344.502156885116,398.4684414438433,re_nordic_countries,1838
194,1680.0,Nordic countries,1.9819999999909437,1156.6630676165198,988.713208707528,1327.4405501844878,98,17,49.44500504563461,498.84622033907453,583.5837879020206,669.7480071597141,re_nordic_countries,1876
195,1690.0,Nordic countries,2.010999999996759,733.2733492263051,632.0693255452907,836.8299523769648,65,17,32.322227747441445,314.3059798837938,364.63120299725847,416.12628164013597,re_nordic_countries,1881
196,1700.0,Nordic countries,2.039999999990723,1188.1623728545126,1032.0655872305713,1351.039303508456,96,17,47.05882352962577,505.91450354669837,582.432535715645,662.2741683895098,re_nordic_countries,2002
197,1710.0,Nordic countries,2.0689999999925064,778.0938851279135,678.4207045199666,880.707864311408,73,18,35.28274528770633,327.89787555457895,376.07244327246576,425.6683732791676,re_nordic_countries,1913
198,1720.0,Nordic countries,2.097999999996155,1239.935715850018,1086.2695197756786,1399.4929309766526,94,18,44.80457578654541,517.7643087596136,591.0084441621975,667.060500943383,re_nordic_countries,1921
199,1730.0,Nordic countries,2.1269999999824023,1040.909022844468,916.1181389569778,1170.9950643926793,88,18,41.372825576270834,430.7090451173283,489.37894821489414,550.5383471567313,re_nordic_countries,1787
200,1740.0,Nordic countries,2.1560000000064505,2302.4191473750548,2033.7564736044783,2584.317811823167,186,18,86.27087198489959,943.300776251574,1067.9124060149193,1198.6631780220014,re_nordic_countries,1500
201,1750.0,Nordic countries,2.1849999999955543,1988.1540158575915,1763.5497240000825,2228.2496992429665,162,18,74.1418764303568,807.1165784913825,909.9103047421678,1019.7939126990848,re_nordic_countries,1554
202,1760.0,Nordic countries,2.2140000000128097,3069.995283743669,2727.273081932106,3436.133790522932,254,18,114.72448057747535,1231.8306603054773,1386.6284027668955,1552.0026154033656,re_nordic_countries,1669
203,1770.0,Nordic countries,2.243000000009367,2422.7111350610294,2158.367624737345,2704.2375292194106,194,18,86.4913062858626,962.2682232404509,1080.1208805398626,1205.6342082960844,re_nordic_countries,1454
204,1780.0,Nordic countries,2.2720000000159644,3642.9169209105594,3257.026645935936,4050.629915201838,292,18,128.52112675966032,1433.5504603490538,1603.3965320796488,1782.8476739319435,re_nordic_countries,1594
205,1790.0,Nordic countries,2.300999999997231,3275.137341598177,2941.3119026999184,3633.0954994028593,266,18,115.60191221222082,1278.2754900927675,1423.3539076932284,1578.9202518067066,re_nordic_countries,1602
206,1800.0,Nordic countries,2.3300000000134844,3716.327262514722,3355.0600835337555,4102.669302402596,301,18,129.18454935547555,1439.939950006154,1594.9902414133967,1760.8022756990786,re_nordic_countries,1366
207,1810.0,Nordic countries,2.3590000000100417,3377.009653804409,3063.630578027958,3703.452618907623,286,19,121.23781263195531,1298.6988461275612,1431.5428799449062,1569.9248066519112,re_nordic_countries,1320
208,1820.0,Nordic countries,2.3879999999820782,4649.064903159792,4244.858300013796,5063.637547989667,401,19,167.92294807496208,1777.5788526154327,1946.8445993277567,2120.4512345174494,re_nordic_countries,1415
209,1830.0,Nordic countries,2.4169999999873117,4549.088150517931,4173.590886648062,4930.533879250047,397,19,164.25320645514444,1726.7649510426031,1882.121700679277,2039.9395445907862,re_nordic_countries,1468
210,1840.0,Nordic countries,2.4459999999997493,6776.092827932937,6244.213314705862,7319.573692972474,603,19,246.52493867541367,2552.8263755954627,2770.275072744739,2992.466759187745,re_nordic_countries,1568
211,1850.0,Nordic countries,2.4749999999973227,7053.781216067813,6520.006630377806,7612.677970264337,661,19,267.070707070996,2634.3461132868115,2850.012612555735,3075.829482938413,re_nordic_countries,1715
212,1860.0,Nordic countries,2.50400000000041,9880.151116492572,9066.952173267891,10711.894204343733,896,19,357.8274760382801,3620.987289643134,3945.74725099479,4277.9130209033465,re_nordic_countries,1941
213,1840.0,Balkans,13.204087177773175,1577.0102230579714,1252.754921215928,1914.6783205070617,85,19,6.437400696890504,94.87629885727557,119.43349069313922,145.00648887945056,re_balkans,1932
214,1850.0,Balkans,13.555215543088638,1875.319375621092,1493.430902872584,2285.7529854853083,96,19,7.082144853753157,110.1738956584896,138.34670276248437,168.62535149068427,re_balkans,1607
215,1860.0,Balkans,13.907369594685548,3039.5798541437757,2398.31050932926,3750.943051323472,159,19,11.43278740940048,172.4488943074995,218.5589326183793,269.7090219531397,re_balkans,2125
216,1260.0,United Kingdom,3.093114675796248,100.86095928264064,65.0370502270338,142.33950624133652,9,13,2.9096884349052354,21.026394765105685,32.60821852868303,46.01817946005983,re_united_kingdom,1292
217,1270.0,United Kingdom,3.1434360587261727,14.69674173932006,9.487503554833037,20.76629408085677,1,13,0.3181232197244801,3.018195178010936,4.675374801571653,6.606240334747569,re_united_kingdom,1192
218,1280.0,United Kingdom,3.191908456133411,164.56886066467624,106.35326551763698,232.9916246762532,12,13,3.759506315709463,33.31964778415681,51.55813925316341,72.99445703981523,re_united_kingdom,1058
219,1290.0,United Kingdom,3.239772441190721,15.196515433940792,9.853873670986673,21.49666944823046,2,13,0.6173273081071506,3.041532653869065,4.690611982721719,6.635240541872669,re_united_kingdom,1004
220,1300.0,United Kingdom,3.2881961280461223,46.20682834186403,30.07132268909432,65.43408052872726,3,13,0.9123543375080333,9.145233896666312,14.052333420062924,19.899689063744756,re_united_kingdom,1159
221,1310.0,United Kingdom,3.337733156791532,31.15508944461117,20.36011096718833,43.94976028677337,2,14,0.5992090757556374,6.099981637465569,9.334206175594838,13.167547620559645,re_united_kingdom,1213
222,1320.0,United Kingdom,3.3884412999546325,62.88873424873944,41.36117090022262,88.36341487081513,5,14,1.4756047271844268,12.20654786045029,18.559782708817014,26.077894538706698,re_united_kingdom,1266
223,1330.0,United Kingdom,3.4401638702280906,31.67286350036871,20.958593644311595,44.25559039116801,3,14,0.8720514816060473,6.092324213300337,9.20678918073421,12.864384389989471,re_united_kingdom,1161
224,1340.0,United Kingdom,3.492695755038865,302.4965209005075,201.69277094574988,421.17156330233234,18,14,5.153612356310063,57.74701980691288,86.60832265853671,120.58638737562922,re_united_kingdom,1194
225,1350.0,United Kingdom,3.545847756557264,31.95275417668061,21.48520783709668,44.10673542031199,3,14,0.8460600132795214,6.059258409322432,9.01131587434656,12.438981718475167,re_united_kingdom,1314
226,1360.0,United Kingdom,3.599420845378445,112.02863003572934,76.28070293590272,153.52472471930164,10,14,2.778224728247523,21.19249351846284,31.124071023695645,42.65261866125576,re_united_kingdom,1581
227,1370.0,United Kingdom,3.653077245702893,32.01070577001034,22.053297176034697,43.52580804735948,6,14,1.6424508972696341,6.036909622422012,8.762668735697956,11.914833746961907,re_united_kingdom,1539
228,1380.0,United Kingdom,3.7064373626888254,239.72509764497252,166.57000778109378,323.9655383101501,12,14,3.2376103588850698,44.940731889302995,64.67803828500816,87.40618189622667,re_united_kingdom,1462
229,1390.0,United Kingdom,3.759102466603572,47.80402937818497,33.611996406184,64.12657218795071,3,14,0.7980628425674607,8.941495132095492,12.716873190577568,17.059011494807805,re_united_kingdom,1554
230,1400.0,United Kingdom,3.8106380915836646,79.33032239246951,56.61272176557593,105.51281183093565,8,14,2.0993859316289143,14.856493953234017,20.818120347792092,27.689014095559397,re_united_kingdom,1717
231,1410.0,United Kingdom,3.8606257062978906,31.555153694381392,22.815198435637328,41.59579389509923,2,15,0.5180507389611412,5.909715204563495,8.173585344703334,10.77436588251574,re_united_kingdom,1708
232,1420.0,United Kingdom,3.9089177720837394,109.69669967514037,80.31238664832779,143.32249726220306,8,15,2.046602273686462,20.545939139956737,28.063189371380403,36.66551859590581,re_united_kingdom,1778
233,1430.0,United Kingdom,3.956117154491428,31.09584696664048,23.051142971062088,40.06261517927858,2,15,0.5055462014640734,5.826708884212856,7.860193657646611,10.126751462300605,re_united_kingdom,1669
234,1440.0,United Kingdom,4.003750014967664,308.2028950642806,231.45847441995664,393.0837680944284,20,15,4.9953168717406875,57.81042111886849,76.97855608169627,98.1788989384751,re_united_kingdom,1623
235,1450.0,United Kingdom,4.053399502431797,61.03688342933149,46.5083810487086,77.00306554428921,4,15,0.9868259957105732,11.473919859319654,15.058195816305057,18.99715670712743,re_united_kingdom,1683
236,1460.0,United Kingdom,4.1054847954174045,105.67667929957754,81.61824990503416,132.58523963063476,12,15,2.922919118685948,19.880295256759325,25.740365526998232,32.29466098099502,re_united_kingdom,1598
237,1470.0,United Kingdom,4.1592584735126295,14.923911041872897,11.65736523051557,18.52768304711211,2,15,0.48085494391285927,2.80275085204564,3.588118203500146,4.454563996227163,re_united_kingdom,1597
238,1480.0,United Kingdom,4.213827811198584,250.61864101291528,197.67442814136083,308.82751720425995,16,15,3.7970227348822183,46.91089360984928,59.47529235695778,73.28906899886277,re_united_kingdom,1718
239,1490.0,United Kingdom,4.268894175769872,58.211910929968965,46.33638748764525,71.29702335425971,4,15,0.937010812473144,10.854424021717223,13.636297489026127,16.7015204450229,re_united_kingdom,1620
240,1500.0,United Kingdom,4.324459423105152,172.28578617999645,138.6503799879905,209.0013083130076,18,15,4.162369960931489,32.06189870743045,39.83984339394904,48.33004263985797,re_united_kingdom,1697
241,1510.0,United Kingdom,4.3806167865578205,113.2465145021798,92.10713060389712,136.13917356771182,8,16,1.8262268511019883,21.026064385849327,25.851728197198938,31.07762678202368,re_united_kingdom,1768
242,1520.0,United Kingdom,4.437551896414826,404.5474762562,331.5353599392861,483.4720181761389,35,16,7.887231702749685,74.71132004273329,91.16456228557932,108.95016654717755,re_united_kingdom,1755
243,1530.0,United Kingdom,4.495568438081309,219.84484915672772,181.80392982166836,260.884877599548,23,16,5.116149451795758,40.44069895180187,48.90256976057886,58.03156623968396,re_united_kingdom,1755
244,1540.0,United Kingdom,4.555110893182913,825.1941114017018,687.5309355677864,975.2810866120708,66,16,14.489219153538997,150.93615757999027,181.1578533986232,214.10699091248398,re_united_kingdom,1713
245,1550.0,United Kingdom,4.6167723392309865,505.89586899906624,424.6559312546851,595.3435070021501,36,16,7.797655451643193,91.98112881724201,109.57782446845388,128.9523206382137,re_united_kingdom,1654
246,1560.0,United Kingdom,4.681253207143191,746.5184589648244,632.1584705429398,873.1692101121887,64,16,13.671552716341317,135.04043523608595,159.46978852280435,186.52467009898274,re_united_kingdom,1753
247,1570.0,United Kingdom,4.749209001747684,579.5872672062086,493.66846951112615,672.6173795072893,54,16,11.37031450503195,103.9475140659126,122.03869465271448,141.62724345459836,re_united_kingdom,1737
248,1580.0,United Kingdom,4.820922681029222,1418.1866670200234,1214.1159817772848,1638.453148403088,131,16,27.173221531948055,251.84307281154784,294.1732860808408,339.862979933396,re_united_kingdom,1716
249,1590.0,United Kingdom,4.8958533233155,672.0511873369298,578.935300579469,772.7716173750001,77,16,15.727595357749637,118.25013176403958,137.26946927442117,157.842068857503,re_united_kingdom,1558
250,1600.0,United Kingdom,4.972418851818855,1871.070591672703,1622.2795047210195,2137.140999004489,166,16,33.384154663334336,326.25560176363825,376.28981938806027,429.7990701693899,re_united_kingdom,1691
251,1610.0,United Kingdom,5.048595193634537,1225.460545943724,1069.1859470942711,1390.468316029171,111,17,21.986314161205296,211.77890206811233,242.73297797550333,275.41687592269767,re_united_kingdom,1919
252,1620.0,United Kingdom,5.1234434935937045,1427.9393541195834,1256.2372406054046,1610.681050275528,139,17,27.130190890912335,245.19392907839998,278.70695869000264,314.3747076140305,re_united_kingdom,1842
253,1630.0,United Kingdom,5.19806638221362,846.082143321468,748.5657152548216,949.673295457125,84,17,16.15985518911904,144.00849473877662,162.76862993064745,182.69741585191193,re_united_kingdom,1416
254,1640.0,United Kingdom,5.272969963141807,1843.8496062006368,1641.1732446965864,2059.186709166964,184,17,34.894945597294246,311.2426689642514,349.6795200976285,390.517435820938,re_united_kingdom,1683
255,1650.0,United Kingdom,5.348221822029556,1296.463172654279,1159.8488590584068,1441.696521327333,132,17,24.68110044656082,216.86625903976895,242.41013476929686,269.5655807298274,re_united_kingdom,1446
256,1660.0,United Kingdom,5.423905400976221,1733.9510913880788,1558.9048142928436,1918.790304647076,182,17,33.55515750094808,287.4137174317724,319.6868240135593,353.7654444160702,re_united_kingdom,1578
257,1670.0,United Kingdom,5.500126940569833,1045.2716434993652,945.7455914802796,1149.904969461422,116,17,21.09042232177681,171.94977528687673,190.04500346878743,209.06880548147635,re_united_kingdom,1934
258,1680.0,United Kingdom,5.577025748314808,1576.6486397219933,1434.1904247794962,1726.818433528553,175,17,31.378732661020827,257.16044528086695,282.70420666399184,309.630708456087,re_united_kingdom,2209
259,1690.0,United Kingdom,5.652884400282553,914.4259426881172,835.9845939617135,996.9103863961022,120,17,21.228100824775744,147.8863770714872,161.7627175681163,176.3542849640217,re_united_kingdom,2386
260,1700.0,United Kingdom,5.728844903643546,1602.212706430833,1469.1511528525907,1741.3996259100936,182,17,31.769056949726107,256.4480584765369,279.67465228668095,303.97046092181046,re_united_kingdom,2412
261,1710.0,United Kingdom,5.804897759384188,1373.2310391413323,1262.940150727817,1488.752119472388,148,18,25.49571174802234,217.56458133756965,236.56420768503102,256.46483042111703,re_united_kingdom,2066
262,1720.0,United Kingdom,5.881034501684511,1624.676442771099,1497.0185976399302,1756.670367732968,208,18,35.36792718023034,254.55021513836343,276.25691403540327,298.7009117579234,re_united_kingdom,2715
263,1730.0,United Kingdom,5.9572475868484585,1538.175969995212,1419.5885940575934,1659.7752122072045,192,18,32.22964921314829,238.2960542367844,258.20245802624896,278.6144419901926,re_united_kingdom,2538
264,1740.0,United Kingdom,6.033530288695355,2528.661156726676,2339.659441951873,2724.235102151928,315,18,52.208240437641564,387.77619900832275,419.10142747844804,451.51594038670123,re_united_kingdom,2526
265,1750.0,United Kingdom,6.109876603072977,1793.875063555201,1661.6256447993717,1930.9603282482497,231,18,37.80763753621767,271.9573164478728,293.6025029790237,316.0391696416698,re_united_kingdom,2702
266,1760.0,United Kingdom,6.1862811622979565,2893.1636801935656,2684.4832551231184,3110.219755056685,410,18,66.27568150292434,433.94135906456927,467.6741331813103,502.76081436643955,re_united_kingdom,2915
267,1770.0,United Kingdom,6.26273915937202,2564.777967813456,2386.817246791833,2752.826531483709,352,18,56.20543839403586,381.11394807494503,409.52974450090824,439.55631257038357,re_united_kingdom,2952
268,1780.0,United Kingdom,6.339246281318016,3979.0980205384335,3711.843582524176,4260.073524272455,612,18,96.5414455979705,585.5338975333883,627.6926063379138,672.0157784099732,re_united_kingdom,3049
269,1790.0,United Kingdom,6.415798650800857,3145.5778856342126,2943.1328078917813,3358.6127350555034,501,18,78.08848551340716,458.7321030600613,490.286253799683,523.4909818493543,re_united_kingdom,3072
270,1800.0,United Kingdom,6.492392775110429,4462.563630784503,4191.684268208047,4751.421314494446,680,18,104.73796388396016,645.6301110243212,687.3526888102668,731.8444029926438,re_united_kingdom,3343
271,1810.0,United Kingdom,6.569025501633812,4198.166717023654,3961.435585745141,4452.284603576639,655,19,99.71037558570781,603.047679562193,639.0851604974755,677.7694199039555,re_united_kingdom,3478
272,1820.0,United Kingdom,6.64569397898932,6167.788745824104,5838.781135204019,6508.989854147817,963,19,144.90585980103367,878.5811013362344,928.0879867962418,979.4296690046667,re_united_kingdom,3306
273,1830.0,United Kingdom,6.722395623092373,6051.521025494294,5751.711241964363,6358.408289503978,955,19,142.06245117729176,855.60439528528,900.2030473640185,945.854520620886,re_united_kingdom,3550
274,1840.0,United Kingdom,6.799128087497146,9606.202483224137,9162.294682894582,10068.132604231236,1510,19,222.08730010201236,1347.5690654722393,1412.8579958493347,1480.7976073793097,re_united_kingdom,4018
275,1850.0,United Kingdom,6.875889237439902,9489.03208901906,9053.254760741298,9940.690165177,1450,19,210.88181469017934,1316.666753653538,1380.0443493694363,1445.7315733140306,re_united_kingdom,4332
276,1860.0,United Kingdom,6.952677127088525,11812.504754508776,11220.128512091154,12412.387803528114,1850,19,266.084555083417,1613.7853530370467,1698.986525418495,1785.2673979592485,re_united_kingdom,5086
277,1000.0,Chinese world,72.73301385266991,6.617749303665284,4.631465766833169,8.918167717867869,4,10,0.054995658616629244,0.06367762755184048,0.09098687037870296,0.1226151268244262,re_chinese_world,1225
278,1090.0,Chinese world,82.85230425140287,6.576242169836383,4.875928808830417,8.499882088461117,5,11,0.0603483517468416,0.05885085336957127,0.07937307512753977,0.10259077481622601,re_chinese_world,1222
279,1120.0,Chinese world,86.04553819078065,9.940057344153548,7.574947325650405,12.579923840285282,9,12,0.10459577787804814,0.08803416754573828,0.1155208922293495,0.14620076885791575,re_chinese_world,1181
280,1400.0,Chinese world,121.41930465345176,118.93845763285908,97.6153559504047,142.16626562238702,26,14,0.21413398861250077,0.8039525199803527,0.9795679358593481,1.1708703655333068,re_chinese_world,1404
281,1410.0,Chinese world,123.13603044105528,45.65891500885298,37.56293397597527,54.56484758998531,12,15,0.09745319836133869,0.3050523379828822,0.3708006084434378,0.44312657631192104,re_chinese_world,1414
282,1420.0,Chinese world,124.83246619678653,15.5862926426245,12.831880121658887,18.580228920089837,4,15,0.032042946213162046,0.10279281113801475,0.12485768420255504,0.14884131897866915,re_chinese_world,1412
283,1430.0,Chinese world,126.4988661132544,42.57939291330226,35.110628436971865,50.75669439710391,12,15,0.09486251038215951,0.27755686288553233,0.3365990085253487,0.4012422874341139,re_chinese_world,1498
284,1440.0,Chinese world,128.1213809713971,54.54160943662036,45.018778316104736,64.84009975955851,9,15,0.07024588660973953,0.35137599965578825,0.42570263466639263,0.5060833661637941,re_chinese_world,1458
285,1450.0,Chinese world,129.68029704889972,16.771719526581926,13.824690477778836,19.901019668500783,3,15,0.023133814991715844,0.10660594394355709,0.1293312855402981,0.15346216905253177,re_chinese_world,1375
286,1460.0,Chinese world,131.1472480609044,74.51017378331369,61.33303079232737,88.44204416631909,15,15,0.11437525546120529,0.4676654043388276,0.5681413440616869,0.6743720930022632,re_chinese_world,1324
287,1470.0,Chinese world,132.480896303173,47.0155472339527,38.5962384249512,55.81037969762697,10,15,0.07548258110449162,0.2913343697239675,0.3548854857258891,0.42127115119986,re_chinese_world,1341
288,1480.0,Chinese world,133.62077452154395,54.23892027927112,44.53426754081527,64.36320387471467,11,15,0.08232252835973831,0.3332885002371762,0.4059168229901711,0.481685606936347,re_chinese_world,1242
289,1490.0,Chinese world,134.46028094934877,24.720441475867368,20.22880487097099,29.46551637964168,7,15,0.05205998344326606,0.15044446380854423,0.18384939627769753,0.21913918498163298,re_chinese_world,1189
290,1500.0,Chinese world,134.7429187975614,63.37331452974908,51.83164511988951,75.67107420254858,19,15,0.14100926541858366,0.38467064230485976,0.4703276067884617,0.5615959256177111,re_chinese_world,1207
291,1510.0,Chinese world,134.1887122497665,38.98713035341224,31.81157178967373,46.719528704294575,11,16,0.08197410807196372,0.23706592943870425,0.2905395670005774,0.34816288137064133,re_chinese_world,1274
292,1520.0,Chinese world,133.64731842955243,126.56423449968332,102.91875418891152,151.8690427675002,20,16,0.14964759663728164,0.7700772106636886,0.9470016756557468,1.1363418626880473,re_chinese_world,1166
293,1530.0,Chinese world,135.55368948907338,109.23422578940178,88.5573723135882,131.0623756425214,19,16,0.14016586395851321,0.6533010842226215,0.8058373490321475,0.9668669007573268,re_chinese_world,1187
294,1540.0,Chinese world,140.63424998283477,118.91413331200582,96.25637025963783,142.83378585896187,23,16,0.16354479796214139,0.6844447228991977,0.8455559959719625,1.0156401152378995,re_chinese_world,1193
295,1550.0,Chinese world,147.0532711030837,114.62675354510984,92.63539192793998,137.79192699115953,18,16,0.12240462156997568,0.6299444496069929,0.7794913549713355,0.9370204821528112,re_chinese_world,1195
296,1560.0,Chinese world,153.5490308091137,73.3424837398335,59.33191464367389,88.18855219013685,15,16,0.09768866609550553,0.3864037065621929,0.4776486269783759,0.5743348018898894,re_chinese_world,1200
297,1570.0,Chinese world,159.94857474861,52.53222144030669,42.44405043690029,63.1937293655529,9,16,0.05626808500260307,0.26536060420425306,0.3284319445976383,0.3950877928413805,re_chinese_world,1238
298,1580.0,Chinese world,166.29950183840276,76.7466139734261,62.17433674012749,92.2669019306529,16,16,0.09621195387312456,0.3738696511583287,0.4614963552206105,0.5548236820355054,re_chinese_world,1217
299,1590.0,Chinese world,172.6337198312479,54.90733521079896,44.68832252344088,65.86682617496295,11,16,0.06371872198984456,0.25886207264214894,0.31805683886364566,0.3815409077632619,re_chinese_world,1217
300,1600.0,Chinese world,178.962383387993,104.15592100079672,85.05245944464798,124.62429879226752,21,16,0.11734309524964083,0.4752532785633115,0.5819989599433598,0.6963714744571784,re_chinese_world,1217
301,1610.0,Chinese world,185.2895066829752,114.50080163312526,93.78343193715207,136.5473119702353,19,17,0.10254223425889104,0.5061454024895901,0.6179562117839339,0.7369403395512498,re_chinese_world,1282
302,1620.0,Chinese world,191.6164193250829,225.2742896038787,185.18909193178496,268.28201309350123,33,17,0.17221906200018552,0.9664573243987313,1.1756523287375193,1.4000992923177054,re_chinese_world,1262
303,1690.0,Chinese world,235.9017351624608,235.26019211383263,195.74029399612223,277.4356225269798,26,17,0.11021538261299486,0.8297535152139505,0.9972804649012592,1.1760643572032883,re_chinese_world,1413
304,1700.0,Chinese world,242.2253217702579,429.4240310230762,357.7684748911832,508.16022742122914,53,17,0.2188045395611802,1.4770069135485095,1.7728288185756633,2.097882350645409,re_chinese_world,1543
305,1710.0,Chinese world,248.5475495483344,193.35126437214348,160.62864457885428,229.2975626263808,22,18,0.08851425025102377,0.6462692747152482,0.7779246454994438,0.9225500836482393,re_chinese_world,1406
306,1720.0,Chinese world,254.86824692477165,107.62197830010528,89.35189844925033,127.69661321065908,24,18,0.09416630078318064,0.3505807393716799,0.42226514914536056,0.5010299036911834,re_chinese_world,1312
307,1730.0,Chinese world,261.18726242136694,227.48092614434395,188.39474194098983,270.61862064639735,32,18,0.12251746009104836,0.7213014149099556,0.8709495403238869,1.0361095642168607,re_chinese_world,1234
308,1740.0,Chinese world,267.50446486527426,209.71657740702497,172.8806832102243,249.52976609315024,26,18,0.0971946393982419,0.6462721409053632,0.783974119881126,0.932805985944284,re_chinese_world,1158
309,1750.0,Chinese world,273.81974336893825,151.06363300519558,124.4176954205178,179.6377871006361,21,18,0.07669278972227031,0.4543781025054879,0.5516900686071274,0.6560439539182403,re_chinese_world,1061
310,1760.0,Chinese world,280.13300709973635,304.28355564046933,250.67908243159795,361.7161786247992,43,18,0.1534985128856687,0.8948573573207963,1.0862110066598993,1.2912301280370602,re_chinese_world,1022
311,1770.0,Chinese world,286.4441848457486,387.6518956323317,319.1721053315233,460.2860749205732,41,18,0.1431343422875862,1.1142558383700434,1.353324368728532,1.6068962097046555,re_chinese_world,998
312,1780.0,Chinese world,292.7533237676587,440.5813000250171,362.47059814554376,522.9088610442836,48,18,0.1639605637341792,1.2381434085210101,1.5049574650591528,1.786175659133715,re_chinese_world,981
313,1790.0,Chinese world,299.06081018219885,380.2340549614143,313.2310047024416,450.5652905173319,41,18,0.137095863463425,1.0473823183706676,1.2714272215398659,1.5066009158566478,re_chinese_world,955
314,1800.0,Chinese world,305.3668586981519,669.0392616300309,552.3235433761062,793.0951545026286,75,18,0.2456062203991029,1.8087213056806053,2.1909360579674457,2.5971880441897754,re_chinese_world,926
315,1810.0,Chinese world,311.6716066474311,339.74756037070495,280.42914975963265,403.3725990876067,35,19,0.11229768529923444,0.899758411669689,1.0900818461626307,1.294223119733552,re_chinese_world,901
316,1820.0,Chinese world,317.9751792114332,359.9674789842202,296.2329717801537,427.8539568469293,40,19,0.12579598224993074,0.9316229414975113,1.132061564921282,1.3455577190269739,re_chinese_world,882
317,1830.0,Chinese world,324.27768996131374,574.6936208500913,470.9139596399671,685.0975555126244,65,19,0.2004454885803414,1.4521935187590211,1.7722268248508004,2.11268791138347,re_chinese_world,846
318,1840.0,Chinese world,330.5792415717651,429.65884342626,349.3215880438514,513.1952960372338,50,19,0.15124966638035423,1.0566954730217613,1.2997151345118134,1.5524123462719746,re_chinese_world,849
319,1850.0,Chinese world,336.8799266246813,366.8366813487504,293.8701531469256,442.63032742547045,43,19,0.12764191808883407,0.8723290701565815,1.0889241309929518,1.3139112557412955,re_chinese_world,858
320,1400.0,Eastern Europe,11.659690484239652,257.5289554206926,179.6827973591019,343.4695841140831,20,14,1.7153113993063456,15.410597528465981,22.08711764422849,29.457864647294823,re_eastern_europe,956
321,1410.0,Eastern Europe,11.831569202046689,55.85006784767759,39.52576546475039,73.87786321927976,5,15,0.42259821285033544,3.340703569389005,4.720427771999706,6.244130593133831,re_eastern_europe,896
322,1420.0,Eastern Europe,12.000860174718962,207.27265430728517,148.73562870245968,271.98866339432664,13,15,1.0832556842371872,12.393747326194706,17.27148315117663,22.664097359229178,re_eastern_europe,980
323,1430.0,Eastern Europe,12.167717486218123,76.29496134982774,55.49698867828629,99.02177665574692,6,15,0.4931080958113923,4.561002401736025,6.270277185202889,8.138073288429391,re_eastern_europe,1019
324,1440.0,Eastern Europe,12.332970911459409,753.0466391605304,554.9198623531839,968.4260829151094,32,15,2.5946708404433685,44.99482455095794,61.059629878865856,78.52334120201957,re_eastern_europe,948
325,1450.0,Eastern Europe,12.498330623144309,39.096380388487766,29.166253854075016,49.902021036238686,4,15,0.3200427417556735,2.333611962550037,3.128128193063592,3.992694907896781,re_eastern_europe,905
326,1460.0,Eastern Europe,12.665938422799393,277.0783220555887,209.7532343086643,351.16368555009257,16,15,1.2632305215694963,16.560417973538925,21.87586208036764,27.725042853356875,re_eastern_europe,858
327,1470.0,Eastern Europe,12.836961620157831,260.4911695203971,199.56187815046152,327.1032522668243,15,15,1.1685008060198263,15.545881031309642,20.292276103042077,25.48136092836605,re_eastern_europe,791
328,1480.0,Eastern Europe,13.010838106858262,1054.9250315798492,818.7084342451799,1319.401841332936,59,15,4.53468097254242,62.92511116663753,81.08048251125176,101.40790550898132,re_eastern_europe,856
329,1490.0,Eastern Europe,13.1860529978922,246.4595751149114,193.39702235599268,305.78501764250444,14,15,1.061727872793922,14.666786367907617,18.690928601174903,23.19003402241629,re_eastern_europe,845
330,1500.0,Eastern Europe,13.3614889754933,540.5597790069373,426.981084456163,665.4921982596323,30,15,2.2452587473614565,31.95610049443603,40.456552409570065,49.80673931477481,re_eastern_europe,944
331,1510.0,Eastern Europe,13.537195033713497,252.52108600481824,200.8673570952595,308.7485133655735,15,16,1.1080582027992862,14.838181513601047,18.653870715161528,22.807421522453918,re_eastern_europe,948
332,1520.0,Eastern Europe,13.713877843487492,1171.235001516839,937.93349283834,1424.356167351854,59,16,4.302211283588047,68.3930179007501,85.40509219083064,103.86239279710799,re_eastern_europe,983
333,1530.0,Eastern Europe,13.892575524602146,732.5238943937188,589.8956425598608,888.2839010380038,39,16,2.8072548485293822,42.46121545391089,52.727724466676726,63.93946892460334,re_eastern_europe,961
334,1540.0,Eastern Europe,14.074919487670655,2484.1777678496287,2011.10533412246,2999.28678566641,112,16,7.957416743883312,142.88574338802772,176.49676575597596,213.09441864258795,re_eastern_europe,982
335,1550.0,Eastern Europe,14.26371394845576,660.9732884168716,538.4188644343925,796.5582205211417,38,16,2.6641027811774096,37.74745247836968,46.33949410408857,55.84507817526585,re_eastern_europe,1041
336,1560.0,Eastern Europe,14.46357975206704,2404.9040790385966,1965.5096116859029,2879.573493576844,114,16,7.881866173808587,135.89371686528744,166.27308870025095,199.09134135104514,re_eastern_europe,1146
337,1570.0,Eastern Europe,14.680976932989967,1844.6035664481265,1514.3693516830897,2204.4884204889554,89,16,6.062266864544008,103.15181057740884,125.64583234941774,150.15951803147362,re_eastern_europe,1181
338,1580.0,Eastern Europe,14.922350812035372,3361.6197147542457,2767.9852003050705,3998.105405571543,158,16,10.588144052515355,185.49256984848518,225.27413790881982,267.92731627425206,re_eastern_europe,1286
339,1590.0,Eastern Europe,15.189848050540595,1146.0915297519257,949.1636398906904,1358.2463987904478,53,16,3.4891724936059365,62.48671064599033,75.45115171255036,89.41803724903679,re_eastern_europe,1186
340,1600.0,Eastern Europe,15.477662344248396,2496.8444929268303,2080.1146718151663,2951.2742546536674,126,16,8.140764231545758,134.39462791925752,161.31922491865672,190.67958642671778,re_eastern_europe,1038
341,1610.0,Eastern Europe,15.77469042943315,1608.0007965990726,1346.1272938031864,1886.9691738791432,74,17,4.691058777415204,85.33462509612991,101.93548987806379,119.62004467348206,re_eastern_europe,995
342,1620.0,Eastern Europe,16.07294591264484,2606.0145594932287,2195.9497548954687,3047.137003549068,117,17,7.279312743033264,136.62397464847314,162.1367093286263,189.58173692053785,re_eastern_europe,872
343,1630.0,Eastern Europe,16.37111289120387,1678.3130728471565,1423.1388400709216,1951.150795843716,83,17,5.069905787809669,86.92987761605187,102.51673688896904,119.1825387076807,re_eastern_europe,872
344,1640.0,Eastern Europe,16.669439396672352,3877.071462392162,3305.721158515752,4492.738090333154,160,17,9.598403173170905,198.3102778594737,232.58559392022056,269.5194471404971,re_eastern_europe,929
345,1650.0,Eastern Europe,16.967903144005795,1722.2141789029388,1480.2000092763133,1983.3867316104845,80,17,4.714784102728768,87.2352934074367,101.49835040232067,116.89050289700351,re_eastern_europe,901
346,1660.0,Eastern Europe,17.266495652324487,3149.1715621578173,2725.645404865526,3611.577954274313,140,17,8.10818841408347,157.85747494736074,182.3862598160654,209.16681803861616,re_eastern_europe,923
347,1670.0,Eastern Europe,17.56522120004262,2100.5843876517406,1829.6200969021609,2400.311868878724,93,17,5.294553307405792,104.1615175844026,119.58769910888702,136.65138864706694,re_eastern_europe,800
348,1680.0,Eastern Europe,17.86409609817244,4677.259700829869,4095.555555337426,5315.515710478047,204,17,11.419553437180062,229.26184077997743,261.8245935940957,297.55301814693235,re_eastern_europe,988
349,1690.0,Eastern Europe,18.163089889543244,3305.932485600587,2909.938899139933,3738.1850587702384,145,17,7.983223167522758,160.2116664530316,182.0137710987083,205.8121763149103,re_eastern_europe,1028
350,1700.0,Eastern Europe,18.46207762482499,4215.198398164367,3723.8367072872265,4751.047190023208,191,17,10.345531195425822,201.7019310047737,228.31657865507026,257.3408739022267,re_eastern_europe,985
351,1710.0,Eastern Europe,18.76107700538124,3319.0227104878654,2940.353383390663,3729.313093044285,146,18,7.782069225456664,156.72625737569766,176.91003077999574,198.77926474981186,re_eastern_europe,953
352,1720.0,Eastern Europe,19.0601043144357,4714.065421576006,4178.674410838341,5281.144733805524,210,18,11.017778105283014,219.23670206114798,247.32631804148505,277.0784800902533,re_eastern_europe,971
353,1730.0,Eastern Europe,19.35919403625208,4299.01790985954,3815.973839754602,4808.333411035358,180,18,9.297907736392926,197.11429270292962,222.06595490541534,248.37466900901242,re_eastern_europe,971
354,1740.0,Eastern Europe,19.65843206812833,7492.855507636805,6662.820278048735,8358.341555797118,300,18,15.260627040870755,338.9293843455084,381.1522445772653,425.1784438774375,re_eastern_europe,931
355,1750.0,Eastern Europe,19.957825208215827,5945.216075091221,5293.99082527246,6620.04655614602,260,18,13.027471544994219,265.2589032142209,297.8889740272811,331.7018005258817,re_eastern_europe,1079
356,1760.0,Eastern Europe,20.257357603527986,7460.774354813738,6658.121446874995,8300.593129500803,328,18,16.19164781604468,328.67669995199316,368.2994841101281,409.75695310108887,re_eastern_europe,1019
357,1770.0,Eastern Europe,20.55701496109348,8015.365335252147,7170.735910270279,8913.776601872692,354,18,17.220399005886108,348.8218461601416,389.90900918358767,433.61240037734285,re_eastern_europe,982
358,1780.0,Eastern Europe,20.85678453000493,11811.58087654958,10590.872197985023,13098.73225311112,522,18,25.027827240054275,507.79026761046566,566.3184015521298,628.0321990317855,re_eastern_europe,1004
359,1790.0,Eastern Europe,21.156655007891302,10714.947046821411,9663.646627869986,11836.45587893904,473,18,22.35703138438349,456.76628107163,506.4575209467093,559.467263351608,re_eastern_europe,942
360,1800.0,Eastern Europe,21.456616412483704,14977.80222496218,13577.312491413006,16458.35479555081,681,18,31.738461782995124,632.7797556894185,698.0505191045837,767.0526647423846,re_eastern_europe,902
361,1820.0,Eastern Europe,22.05677783790474,21127.67631910752,19388.81034255993,22929.90580247174,956,19,43.34268618134725,879.0409227063126,957.8768247281997,1039.5854721384792,re_eastern_europe,818
362,1830.0,Eastern Europe,22.35696325611969,20341.59045787985,18811.45424393005,21923.95500743319,976,19,43.65530277162499,841.4136583948116,909.8548056302692,980.6320633206759,re_eastern_europe,942
363,1840.0,Eastern Europe,22.657210151146288,33499.61329747872,31177.54634734839,35901.42853715571,1591,19,70.22047239648819,1376.0540745909548,1478.54096219273,1584.5476251337752,re_eastern_europe,907
364,1850.0,Eastern Europe,22.957513172637327,34513.51049093266,32257.23481531832,36855.23912176926,1642,19,71.52342623751915,1405.0840164066713,1503.3645077929752,1605.3672209451847,re_eastern_europe,985
365,1860.0,Eastern Europe,23.257867574931264,46999.76271447981,43772.49154433331,50331.83158470933,2287,19,98.33231669377406,1882.0509405391037,2020.811347517474,2164.077657702378,re_eastern_europe,1358
366,1820.0,Korea,6.962762413815264,13.825379525672806,9.054495672216676,19.228241102480503,1,19,0.14362115789213714,1.3004171525731036,1.9856170157753743,2.7615822513674333,re_korea,816
367,730.0,Japan,6.158417398249735,11.428661720688124,6.427368167840751,17.366035070291403,1,8,0.16237938017715506,1.0436720592643578,1.8557790064597162,2.8198860108486556,re_japan,598
368,1000.0,Japan,5.212605521028051,13.04569014954266,8.91008145842594,17.703007237227627,6,10,1.1510558348978337,1.7093335420226963,2.5027196278167114,3.3961916292749064,re_japan,1010
369,1120.0,Japan,4.5519529502591904,24.063398863047336,17.471938361653123,31.407481003279024,4,12,0.8787437048909388,3.8383389618862958,5.286390067295655,6.899781554528297,re_japan,927
370,1280.0,Japan,6.093964122556965,102.30235203678544,69.43445564013683,138.97254156023573,14,13,2.2973551728305455,11.39397184553867,16.787488403174322,22.80494908820111,re_japan,841
371,1450.0,Japan,10.79870090941637,28.6067079014907,20.15700973825297,38.51596611339306,4,15,0.37041492616135296,1.8666143184571617,2.649087898762518,3.5667221859814164,re_japan,867
372,1600.0,Japan,20.010787755578026,94.01807208699977,69.65863656650623,120.58550633789967,11,16,0.5497034966518867,3.4810541902374044,4.69836936133572,6.026024952680154,re_japan,1061
373,1700.0,Japan,26.73999475152243,238.1240700363443,187.56821623862317,296.0719637910838,32,17,1.1967092850000687,7.014519560739407,8.905165174828122,11.072252128031067,re_japan,1073
374,1750.0,Japan,28.61732475405654,179.77427007791698,142.5413204733152,220.42470195129596,28,18,0.9784282856849142,4.9809449939274915,6.282008245806896,7.702491544743381,re_japan,953
375,1800.0,Japan,30.53212426460201,471.44473866678936,383.7050041587786,563.3393723891747,64,18,2.096152873129748,12.567255420338839,15.440941304348339,18.450710062198088,re_japan,1317
376,1820.0,Japan,31.27677222308713,460.79004949359097,381.8281233449282,544.1429402131363,61,19,1.9503291313089046,12.20804118217415,14.732659949911843,17.39766930973376,re_japan,1317
377,1850.0,Japan,32.36769575845642,627.0840617325697,518.6935279027145,743.7882832902003,61,19,1.8845950745215798,16.02503717822422,19.373762853314542,22.97933992091103,re_japan,1436
378,1280.0,France,11.906258526303391,479.8915600145898,380.7029003179503,587.1334683237072,44,13,3.6955354112960745,31.97502384791148,40.30582394581891,49.31301189425778,re_france,1321
379,1290.0,France,12.097874054268656,78.07102382788574,62.02416357963813,95.51618807884516,8,13,0.661273209169941,5.126864712048586,6.453284558731117,7.895287027322201,re_france,1321
380,1300.0,France,12.283020720437994,168.73880754556882,134.29081858294504,205.6143813330897,31,13,2.5238091431709795,10.933045025275868,13.737565977137898,16.739724373416006,re_france,1423
381,1310.0,France,12.460749676985824,40.39143427878044,32.09828322239322,49.22259846992443,5,14,0.4012599666643386,2.575951211160001,3.2414931144456527,3.9502116442348005,re_france,1812
382,1320.0,France,12.63377454862358,215.75892992120848,171.87319541272427,262.8314434686374,22,14,1.7413639855079455,13.60426329844943,17.077946823478413,20.803873177970576,re_france,1610
383,1330.0,France,12.808484475467788,83.63313357858799,66.87980193199495,101.88698761486646,8,14,0.6245859933954306,5.221523440973089,6.529510477119391,7.954648171687413,re_france,1610
384,1340.0,France,12.99103687712208,531.837716924509,426.7993249587673,646.7218419268324,33,14,2.5402129415947385,32.85336874921693,40.93881973817687,49.782157347712925,re_france,1677
385,1350.0,France,13.183793856746838,43.28485212993216,34.89081880188544,52.4326447842072,4,14,0.30340280221789045,2.646493049042175,3.2831863574521103,3.9770528388059305,re_france,1897
386,1360.0,France,13.385669812080312,99.05953948452938,80.30688860094193,119.65230384356504,9,14,0.6723608251473282,5.999467320527097,7.4004170785036125,8.938835749226469,re_france,1846
387,1370.0,France,13.593706935176728,44.76803782764941,36.44586172816547,53.89313355100023,5,14,0.3678172571943119,2.681083379387393,3.293291376747441,3.9645649128671305,re_france,1914
388,1380.0,France,13.804162857955795,443.6790554875478,362.93875115971895,531.6494822036186,47,14,3.404770030868793,26.29197836147995,32.14096066911011,38.51370689220835,re_france,1812
389,1390.0,France,14.01291661673639,11.558674103607034,9.503265204703393,13.759003146780843,3,14,0.2140881932043281,0.6781789590721695,0.8248585515596288,0.9818800413289919,re_france,1881
390,1400.0,France,14.21592923414488,152.5905636196416,126.04767990956972,180.8775581478473,24,14,1.6882470083176138,8.866650771362803,10.733773438681602,12.723583183954101,re_france,1795
391,1410.0,France,14.4101103626712,71.47417553747073,59.474886877670144,84.38577742202206,7,15,0.485770047822341,4.127302663256307,4.960001952699936,5.856011876260154,re_france,1761
392,1420.0,France,14.5946957863116,241.6254972903252,202.10315634107408,284.0719043863568,22,15,1.5073969558607623,13.847712847199398,16.55570632153541,19.464051087161987,re_france,1728
393,1430.0,France,14.772794196719682,97.94496480936692,82.35932860231068,114.53637375474244,12,15,0.8123040123759807,5.575067756687403,6.630090658889415,7.753196330331021,re_france,1761
394,1440.0,France,14.95127772410807,694.2027740634064,587.719401071226,807.1317130661821,49,15,3.2773118728836357,39.30897491948547,46.430999869933835,53.984129514545025,re_france,1795
395,1450.0,France,15.137267011605422,87.7790217924304,74.64276364566255,101.64014279786456,10,15,0.660621233167996,4.931059456666486,5.798868562279576,6.7145636474496495,re_france,1812
396,1460.0,France,15.333677849459768,278.7778707791836,238.2087484079809,322.01760386055486,30,15,1.956477780120896,15.53500410968745,18.18075699229624,21.00067622536495,re_france,1745
397,1470.0,France,15.538470922139767,76.74280252560138,65.75297005603679,88.30357057135356,7,15,0.45049477745111655,4.231624230306317,4.938890249249397,5.682899624668698,re_france,1728
398,1480.0,France,15.747621357051742,915.5071401703336,788.3184838383395,1048.8625529478988,83,15,5.270637267566307,50.0595274654183,58.136217490419405,66.60450674845704,re_france,1677
399,1490.0,France,15.958347662073177,129.82069576648777,112.20465089010764,148.15454154050963,16,15,1.0026100658294226,7.031094525956138,8.134971020528734,9.283827165428642,re_france,1745
400,1500.0,France,16.169891530932926,482.9100658850752,418.89081680460816,550.262631160343,55,15,3.4013833608460056,25.905604623461574,29.864768416118967,34.03007559498424,re_france,1694
401,1510.0,France,16.382041665013155,301.33443139386014,262.0054753104873,342.7605071327759,32,16,1.9533584796296697,15.993456778348204,18.394192711486927,20.922941971561677,re_france,1659
402,1520.0,France,16.594708226398282,853.4568457935569,744.0665975707885,967.7849587187976,72,16,4.338732505429949,44.837582403958955,51.429457761475284,58.31888970360317,re_france,1643
403,1530.0,France,16.808030527371237,630.5249916119996,551.0463872482628,714.1372563686339,55,16,3.272245365715787,32.78470885395554,37.513317850370015,42.48786050249544,re_france,1643
404,1540.0,France,17.022605808082126,3135.1031811824087,2748.858417197827,3548.797989135639,243,16,14.275135237204786,161.4828216190439,184.17292960481407,208.4756017466323,re_france,1592
405,1550.0,France,17.23995749560469,653.6891556350756,574.302378802169,739.3194617589426,62,16,3.596296569513402,33.31228507660688,37.91709786997637,42.884065227389996,re_france,1490
406,1560.0,France,17.463425738375587,1664.438683055004,1468.1910300000627,1880.6311831873672,143,16,8.188542279294026,84.07233792472557,95.3099757167019,107.6897059810385,re_france,1439
407,1570.0,France,17.699174032295943,1006.6385543946628,890.867822413787,1134.523307167152,90,16,5.0849830526427775,50.333864212432026,56.874888769263165,64.10035321970227,re_france,1490
408,1580.0,France,17.96230288547512,2146.991100709806,1908.251098900048,2412.954909948176,180,16,10.020986793711938,106.23643922868708,119.52760814683346,134.33438492451694,re_france,1524
409,1590.0,France,18.298669036176225,909.0682562168116,810.9484987400064,1017.0542459798812,80,16,4.371902669087083,44.317348826669964,49.67947419670774,55.58077715757242,re_france,1559
410,1600.0,France,18.76449679542798,1705.2980345406045,1526.7989660639632,1897.977634769496,168,16,8.953077816663521,81.36636877126233,90.87896430860351,101.14727058558498,re_france,1610
411,1610.0,France,19.34191140532569,1249.2908091357838,1122.99911504813,1385.425956128932,116,17,5.997339020385547,58.060400108074035,64.58983204688852,71.62818229781895,re_france,1626
412,1620.0,France,19.964164719056942,2394.218645133253,2160.9834214376924,2646.467987668381,221,17,11.069834531521511,108.2431171976311,119.92581101316169,132.56091726903932,re_france,1643
413,1630.0,France,20.59907354247473,1557.7281102994373,1412.8827741885923,1714.089899970611,161,17,7.8158854896081795,68.58962716334142,75.6212703977897,83.21198991965363,re_france,1643
414,1640.0,France,21.239834744790592,3190.7231342016066,2906.513609060374,3493.583083721732,313,17,14.73646117123243,136.84257170471832,150.22353857928118,164.48259252951996,re_france,1659
415,1650.0,France,21.882455639915538,1810.1425428724056,1657.212891384756,1973.2984547438791,215,17,9.82522270525347,75.73249175754539,82.72117959058238,90.17719433391233,re_france,1659
416,1660.0,France,22.5248133750932,2555.41978325534,2351.707558895672,2771.552147429229,266,17,11.809198840871613,104.40519616007435,113.44909903142612,123.04440002570105,re_france,1677
417,1670.0,France,23.166330249859644,2086.426154420141,1929.4168038031848,2250.593554869571,236,17,10.187198294016802,83.28538801758964,90.06286847839363,97.14933399445977,re_france,1745
418,1680.0,France,23.80708461969059,4266.310647617742,3961.3924070291073,4585.659434895853,436,17,18.31387618286487,166.39552764695435,179.2034058672233,192.6174291455705,re_france,1694
419,1690.0,France,24.462096701237453,2134.9489329946227,1989.274802709234,2285.5304531325087,244,17,9.974615135408932,81.32069899832436,87.27579483759554,93.43150266497359,re_france,1710
420,1700.0,France,25.117843691496507,2397.4527009029243,2239.8708642710426,2559.848673577042,305,17,12.142762083643984,89.17448853419441,95.448189356898,101.91355217500869,re_france,1694
421,1710.0,France,25.775535962533155,1899.2586967836316,1779.0596102926866,2024.834692307484,229,18,8.884393338430293,69.02124607141806,73.684547221224,78.55645350113171,re_france,1643
422,1720.0,France,26.433748822708186,2635.2110173757032,2472.6846989382097,2803.352401982309,318,18,12.030075723758818,93.5427175132278,99.69115750664537,106.05201784977469,re_france,1728
423,1730.0,France,27.091404833679917,2003.3278279707883,1879.658827926809,2128.677617706277,260,18,9.597139815974737,69.38210991517225,73.94698947026401,78.57391046255063,re_france,1728
424,1740.0,France,27.74803532148156,3682.084490789922,3458.528081562265,3907.683216256544,444,18,16.001132867820402,124.64046702740043,132.69712425150982,140.8273836681818,re_france,1659
425,1750.0,France,28.40354850419852,2633.389066998843,2476.2188599410174,2791.54193525376,367,18,12.92092077670335,87.1799120301814,92.71338285811663,98.28145010969752,re_france,1677
426,1760.0,France,29.058028177007703,4184.191652122125,3936.0633974820503,4432.812861291892,555,18,19.09971305069992,135.45528187616247,143.99434217057046,152.55036695158054,re_france,1643
427,1770.0,France,29.711621299604914,3962.1953068425146,3730.2813765959513,4193.08086400684,553,18,18.612245842247372,125.54957331276816,133.3550689438547,141.1259527618776,re_france,1694
428,1780.0,France,30.364485212546832,6693.27194975713,6310.8220176439,7071.362685883772,913,18,30.068021690772532,207.83563342072472,220.430937751957,232.88267976174458,re_france,1710
429,1820.0,France,32.971299258426704,7562.231776481338,7221.178230980345,7905.712637240638,1106,19,33.54432566734027,219.01406354603324,229.35801580669,239.77558710308088,re_france,1809
430,1830.0,France,33.622350330774914,8877.161350111299,8507.798830866888,9257.520627394912,1315,19,39.11088865183722,253.03997927472682,264.02560388486387,275.33829539933737,re_france,1898
431,1840.0,France,34.27330080465148,15236.111148481332,14634.514568919118,15848.372188423516,2232,19,65.12357863404505,426.9946058692124,444.547527981709,462.41160951362525,re_france,2276
432,1850.0,France,34.924246540193295,14649.83197939873,14082.73719343318,15219.657370274514,2143,19,61.361381054668826,403.2366790569346,419.474532186075,435.7905718240379,re_france,2546
433,1860.0,France,35.57525162698238,19232.63059633485,18415.431916186517,20057.102813518635,2800,19,78.70640043136937,517.6472708971414,540.6182589513347,563.7937019764082,re_france,3016
434,1530.0,Portugal,1.5802189668654396,114.42093382756036,80.24631719448925,154.7198818111689,10,16,6.328236915062626,50.78177067679916,72.40827773035055,97.91040675715657,re_portugal,1281
435,1540.0,Portugal,1.604464494330009,820.0363917461962,580.0123195668216,1099.380142560889,48,16,29.916523656102342,361.49900581565856,511.09662734458095,685.2006675410834,re_portugal,1218
436,1550.0,Portugal,1.6283831851906143,110.80078869274662,78.59210263790096,147.87802206029107,11,16,6.755166781406165,48.26388736549203,68.04343701189507,90.81279112015693,re_portugal,1331
437,1560.0,Portugal,1.6524077082016848,296.29093137646555,211.61571942141728,391.952708177129,22,16,13.313905454933153,128.06507641610958,179.30861125001587,237.2009681579682,re_portugal,1565
438,1570.0,Portugal,1.6776285232715111,107.63015708709968,77.23978540518752,142.10943760900966,7,16,4.172556619596235,46.04105398408684,64.15613206028006,84.70852494322449,re_portugal,1433
439,1580.0,Portugal,1.7053516637373387,379.3271011949968,273.4891343600097,498.8694079363414,32,16,18.76445819384306,160.3711071302728,222.4333603801623,292.53169216902245,re_portugal,1155
440,1590.0,Portugal,1.7361249875747955,149.86323745040676,108.55268767510732,196.7362035899644,12,16,6.9119447539101895,62.52584834156744,86.32053482494466,113.31914752565511,re_portugal,1313
441,1600.0,Portugal,1.7691683302581178,237.04483658727307,172.18413587752767,310.55414477757466,23,16,13.000458806904117,97.32490285557303,133.98659275835485,175.53679854322596,re_portugal,1258
442,1610.0,Portugal,1.8030666551768828,102.61927613144589,74.9087381877714,133.8317202091812,7,17,3.882274667939712,41.54518523910187,56.913745166774675,74.22449959069992,re_portugal,1471
443,1620.0,Portugal,1.8371283314875029,159.72050453147838,117.32960490659096,207.18908487308855,13,17,7.076261237272434,63.86576424499994,86.94030884720743,112.77877615949114,re_portugal,1446
444,1630.0,Portugal,1.8712344553760227,158.35284010886136,116.56505388975172,205.1340050387195,11,17,5.878472346635773,62.2931314431831,84.6247992355616,109.62496145225052,re_portugal,1251
445,1640.0,Portugal,1.905365655417739,428.6056200940945,316.5758577570383,554.3980836344433,27,17,14.170508386790685,166.14966101487283,224.94664941366622,290.96676643565047,re_portugal,1425
446,1650.0,Portugal,1.9395155011108285,85.16039816781509,62.96386066636326,110.1313499610652,8,17,4.1247414601317285,32.46370582256324,43.908078135514124,56.78291815558531,re_portugal,1322
447,1660.0,Portugal,1.9736838971898851,98.80667499648084,73.15750656186152,127.80434037465234,8,17,4.0533339768289816,37.066475875910314,50.062056612591796,64.7542094033493,re_portugal,1460
448,1670.0,Portugal,2.0078747721446595,84.31328520207069,62.50129570768248,108.6607367429134,6,17,2.9882341684044644,31.128084567208013,41.99130661520969,54.117287716529376,re_portugal,1718
449,1680.0,Portugal,2.0420961166653333,196.05762393593383,145.53041551517703,252.5076349453232,14,17,6.855700809451358,71.26521338908512,96.00802936547797,123.65119980623572,re_portugal,1609
450,1690.0,Portugal,2.0764858992442763,27.941379631765688,20.714716524485954,35.89703444709013,2,17,0.9631657025592552,9.975852247311163,13.45608927175223,17.287396201512674,re_portugal,1954
451,1700.0,Portugal,2.110891075685255,153.46807279219996,113.79573815663112,197.4617877003275,11,17,5.211069451524915,53.908863165613504,72.70298053743956,93.54428088442499,re_portugal,1572
452,1710.0,Portugal,2.14531689074382,139.46658749415784,103.19093384937403,179.68684400399198,10,18,4.661316024288058,48.10055535133361,65.00978391392904,83.75771653095563,re_portugal,1352
453,1720.0,Portugal,2.179767372734018,167.46498625540593,123.89691778416328,215.9940650414908,13,18,5.963939162780698,56.83951385544552,76.82699922485745,99.09042026378064,re_portugal,1850
454,1730.0,Portugal,2.214245702184371,83.86567152728486,62.06711330700975,108.15795640010327,9,18,4.064589576089694,28.030815751738864,37.8755038090627,48.84641135055816,re_portugal,1985
455,1740.0,Portugal,2.248754432986804,266.2469689750119,197.27960871215728,342.9932673819847,20,18,8.893812373028176,87.72839124551709,118.39752934756049,152.52588826536285,re_portugal,1889
456,1750.0,Portugal,2.2832963400343678,253.1054861426139,188.11219709283307,326.3782959009839,19,18,8.321302700338062,82.38623861237461,110.85091396362691,142.94171552697856,re_portugal,2184
457,1760.0,Portugal,2.317877639772421,183.59696143998548,136.55087021767474,235.9812533617537,17,18,7.334295697191821,58.91202705207591,79.20908260628106,101.80919359700252,re_portugal,2152
458,1770.0,Portugal,2.352506885053121,283.9490579783827,211.98305045566144,363.8933073202466,22,18,9.351726084110155,90.10942828797491,120.70062782067946,154.6832060863574,re_portugal,1941
459,1780.0,Portugal,2.387182863580509,357.1419680690919,267.3551137881082,455.7956823697114,32,18,13.404921963960296,111.99607615610363,149.60813162566802,190.93454855237547,re_portugal,1887
460,1790.0,Portugal,2.4219019760346794,258.9893082272949,194.8078754618773,329.5806610372801,19,18,7.845073908031668,80.43590425605558,106.93632970700644,136.08340234186292,re_portugal,1748
461,1800.0,Portugal,2.4566609380149824,319.14323156195167,241.33458092790136,405.1220179197766,27,18,10.990527663868987,98.236829182827,129.909352415488,164.90758315517527,re_portugal,1459
462,1810.0,Portugal,2.491456766837024,380.694126291283,289.7748500623645,481.51357533532206,30,19,12.04114813442493,116.30739650772348,152.79981228596037,193.26587631163972,re_portugal,1177
463,1820.0,Portugal,2.5262867603165686,458.72084480464775,351.10450352342787,577.7923024749458,30,19,11.875136453725746,138.9804629619446,181.57908754078477,228.71208112674537,re_portugal,1665
464,1830.0,Portugal,2.561148472284325,209.66243459184628,160.9002117874645,262.8628267766304,17,19,6.637647205527861,62.82346124352381,81.86266312192566,102.63474750535617,re_portugal,1721
465,1840.0,Portugal,2.59603968758592,759.0868287830375,584.0452947995308,947.7244073802405,54,19,20.800914661753524,224.9754876985874,292.4018582662421,365.06545408846875,re_portugal,1503
466,1850.0,Portugal,2.6309583980842004,508.8805311965464,390.0839311193412,635.3047577435393,37,19,14.063316252717069,148.26685644417287,193.4202120288564,241.47274932441073,re_portugal,1470
